wdid,icrsra,icrsdec,spectype,teff,logg,mass,logL,age,loghhe,logche,logch,lognh,logohe,logoh,lognahe,lognah,logmghe,logmgh,logalhe,logalh,logsihe,logsih,logphe,logph,logshe,logsh,logclhe,logcahe,logcah,logsche,logsch,logtihe,logtih,logvhe,logcrhe,logcrh,logmnhe,logmnh,logfehe,logfeh,logcohe,lognihe,lognih,logcuhe,logznhe,loggahe,loggehe,logsrhe,parallax,Dpc,comp,Mv
2MASS J16403197+2229289,16 40 31.99,22 29 26.75,DAZ,7502.0,8.065,0.615,,1.5,,,,,,,,,,,,,,,,,,,,,-8.47,,,,,,,,,,,,,,,,,,,,14.05140106,71.17,H,13.31
2MASS J22385855+1313039,22 38 58.67,13 13 03.15,DAZ,8147.0,8.023,0.591,,1.15,,,,,,,,,,,,,,,,,,,,,-7.5,,,,,,,,,,,,,,,,,,,,15.82710664,63.18,H,13.21
EGGR 126,18 29 09.88,-04 29 40.24,DAZ,8993.0,7.963,0.576,-2.89,0.82,,,,,,,,,,,,,,,,,,,,,-8.83,,,,,,,,,,,,,,,,,,,,38.75868769,25.80,H,12.83
EGGR 259,16 37 40.60,13 40 32.56,DAZ,6878.0,7.99,0.568,-3.64,1.68,,,,,,,,,,,,,,,,,,,,,-9.72,,,,,,,,,,,,,,,,,,,,21.92200667,45.62,H,13.98
EGGR 298,14 58 06.66,29 37 19.94,DAZ,7342.0,7.975,0.578,-3.33,1.38,,,,,,,,,,-8.22,,,,,,,,,,,-9.31,,,,,,,,,,,-8.09,,,,,,,,,34.99748089,28.57,H,13.24
EGGR 360,13 47 23.40,10 21 35.76,DAZ,6926.0,7.976,0.577,-3.42,1.61,,,,,,,,,,,,,,,,,,,,,-11.13,,,,,,,,,,,,,,,,,,,,48.05968617,20.81,H,13.44
EGGR 511,00 35 18.20,-17 18 51.64,DAZ,9659.0,8.009,0.605,,0.7,,,,,,,,,,,,,,,,,,,,,-10.2,,,,,,,,,,,,,,,,,,,,29.94926651,33.39,H,12.62
EGGR 94,12 59 46.27,27 34 05.32,DAZ,8586.0,8.047,0.624,-3.16,1.04,,,,,,,,<-7.5,,-7.24,,-8.17,,<-7.2,,,,,,,-8.0,,<-9.2,,-9.48,,,<-8.2,,<-8.1,,-7.41,,,-8.33,,,,,,30.32293367,32.98,H,12.91
GALEX 2698722728901347034,11 24 47.88,00 13 07.25,DAZ,8614.0,5.126,,,,,,,,,,,,,,,,,,,,,,,,,,,,,,,,,,,,,,,,,,,,0.295447719,3384.69,,
GD 133,11 19 12.29,02 20 33.54,DAZ,12158.0,8.036,0.627,-2.5,0.3935,,,<-7.9,<-5.8,,-6.0,,<-6.3,,-6.5,,<-5.7,,-6.6,,,,<-7.0,,,-7.21,,,,<-8.0,,,<-6.8,,<-7.0,,<-5.9,,,<-7.0,,,,,,26.15076507,38.24,H,11.71
GD 237,22 33 38.80,-12 15 27.92,DAZ,20949.0,7.807,,,,,,,,,,,,,,,,,,,,,,,,-6.3,,,,,,,,,,,,,,,,,,,,8.030016858,124.53,H,
GD 362,17 31 34.35,37 05 17.24,DAZB,9825.0,7.99,0.574,-2.8,0.68,-1.5,-7.7,,,<-5.14,,-7.79,,-5.98,-4.8,-6.4,,-5.84,,,,<-6.70,,,-7.0,-5.1,-10.19,,-7.95,,-8.74,-7.41,,-7.47,,-5.65,-4.5,-8.5,-7.07,,-9.2,,,,-10.42,17.81452344,56.13,He,12.32
GD 821,01 16 58.86,-03 10 54.43,DAZ,20390.0,7.92,0.58,,,,,,,,,,,,,,,,,,,,,,,,,,,,,,,,,,,,,,,,,,,5.080827772,196.82,H,10.63
GJ 1042,02 11 22.27,39 55 13.51,DAZ,7196.0,7.933,0.553,-3.3,1.38,,,,,,,,,,-7.9,,-9.0,,,,,,,,,-8.5,,,,,,,,,,,-7.89,,,,,,,,,58.23059072,17.17,H,13.16
GJ 1052,02 46 31.04,-02 27 31.31,DAZ,6731.0,8.129,0.67,-3.62,2.29,,,,,,,,,,,,,,,,,,,,,-10.48,,,,,,,,,,,,,,,,,,,,46.5741597,21.47,H,13.93
GJ 2135,18 24 04.32,-13 08 52.52,DAZ,6079.0,8.022,0.601,-3.73,2.39,,,,,,,,,,,,,,,,,,,,,-10.706,,,,,,,,,,,,,,,,,,,,52.46918029,19.06,H,14.21
GJ 3112,01 43 00.07,-67 18 46.65,DAZ,6350.0,7.981,0.578,-3.6,1.82,,,,,,,,,,,,,,,,,,,,,,,,,,,,,,,,,,,,,,,,,102.9077814,9.72,H,13.86
GJ 3182,02 48 35.65,54 23 16.30,DAZ,4942.0,8.018,0.591,-4.12,6.95,,,,,,,,,,,,,,,,,,,,,-12.7,,,,,,,,,,,,,,,,,,,,92.03619894,10.87,H,15.28
GJ 3223,03 25 11.30,-01 49 28.95,DAZH,5165.0,8.048,0.611,-4.01,5.57,,,,,,,,-9.1,,-8.3,,-9.2,,,,,,,,-11.4,-9.55,,,,,,,-9.9,,-10.3,,-8.7,,,,,,,,,59.06632711,16.93,H,14.94
GJ 3710,12 11 30.09,57 24 11.34,DAZ,5829.0,7.982,0.576,-3.65,2.54,,,,,,,,,,,,,,,,,,,,,-10.96,,,,,,,,,,,,,,,,,,,,50.07790021,19.97,H,14.01
GJ 4191,21 19 37.35,-55 50 17.52,DAZ,9529.0,7.967,0.579,-2.83,0.59,,,,,,,,,,,,,,,,,,,,,-7.6,,,,,,,,,,,,,,,,,,,,39.90801403,25.06,H,12.17
GJ 820.1,21 13 18.84,-81 49 18.96,DAZH,9914.0,8.242,0.751,-3.04,0.98,,,,,,,,,,,,,,,,,,,,,-8.6,,,,,,,,,,,,,,,,,,,,61.8086625,16.18,H,12.68
GJ 838.4,21 52 25.40,02 23 14.77,DAZ,17508.0,7.981,0.608,-1.78,0.2405,,,,,,,,,,,,,,,,,,,,,-7.6,,,,,,,,,,,,,,,,,,,,44.32554473,22.56,H,10.95
Gaia DR2 216683956238279168,03 43 06.51,32 01 38.81,DA;DAZ?,15381.0,8.241,0.761,,0.2692,,,,,,,,,,,,,,,,,,,,,,,,,,,,,,,,,,,,,,,,,24.92064465,40.13,,
Gaia DR2 2940238304793401472,06 26 20.70,-18 50 05.82,DAZ,7302.0,7.968,0.574,,1.307,,,,,,,,,,,,,,,,,,,,,,,,,,,,,,,,,,,,,,,,,27.9393909,35.79,,
Gaia DR2 3444888196042856192,05 52 34.14,31 24 01.48,DAZ,13613.0,8.173,0.714,,0.3512,,,,,,,,,,,,,,,,,,,,,,,,,,,,,,,,,,,,,,,,,23.92537031,41.80,,
Gaia DR2 3453292832862501120,06 09 12.00,35 25 49.47,DAZ,10031.0,8.054,0.633,,0.67,,,,,,,,,,,,,,,,,,,,,,,,,,,,,,,,,,,,,,,,,20.74989863,48.19,H,
Gaia DR2 352179415533582080,02 15 30.35,44 53 56.71,DAZ,6583.0,8.145,0.664,,2.48,,,,,,,,,,,,,,,,,,,,,-8.15,,,,,,,,,,,,,,,,,,,,9.88810181,101.13,H,
Gaia DR2 3952478391839564928,12 28 16.39,20 56 37.92,DAZ,6046.0,8.026,0.588,,2.62,,,,,,,,,,,,,,,,,,,,,-9.11,,,,,,,,,,,,,,,,,,,,19.03095208,52.55,H,
Gaia DR2 3954943428189717504,12 52 42.63,21 53 34.05,DAZ,6150.0,7.998,0.571,,2.3,,,,,,,,,,,,,,,,,,,,,-7.43,,,,,,,,,,,,,,,,,,,,10.87282287,91.97,H,
Gaia DR2 4068499305485306240,17 49 35.72,-23 55 02.68,DAZ,7255.0,7.959,0.568,,1.52,,,,,,,,,,,,,,,,,,,,,-8.5,,,,,,,,,,,,,,,,,,,,37.58944269,26.60,H,
Gaia DR2 4496751667093478016,18 02 18.55,13 54 06.52,DAZ,8055.0,8.019,0.588,,1.18,,,,,,,,,,,,,,,,,,,,,-8.1,,,,,,,,,,,,,,,,,,,,24.99574395,40.01,H,
Gaia DR2 4815192671404177280,04 45 38.04,-42 32 49.38,DAZ,6748.0,7.971,0.573,,,,,,,,,,,,,,,,,,,,,,,,,,,,,,,,,,,,,,,,,,,36.59765865,27.32,H,
Gaia DR2 4829340465475546880,03 43 47.38,-51 25 22.82,DAZ,6742.0,8.011,0.597,,,,,,,,,,,,,,,,,,,,,,,,,,,,,,,,,,,,,,,,,,,35.82915518,27.91,H,
Gaia DR2 4839901583898106496,04 26 44.33,-41 53 42.34,DAZ,6127.0,8.124,0.665,,,,,,,,,,,,,,,,,,,,,,,,,,,,,,,,,,,,,,,,,,,29.05940119,34.41,H,
Gaia DR2 4970215770740383616,02 13 49.05,-33 45 24.25,DAZ,,,,,,,,,,,,,,,,,,,,,,,,,,,,,,,,,,,,,,,,,,,,,,53.3325,18.75,,
Gaia DR2 53278867446391040,03 58 26.75,21 57 22.04,DAZ,6777.0,8.217,0.727,,2.75,,,,,,,,,,,,,,,,,,,,,-7.39,,,,,,,,,,,,,,,,,,,,27.67340102,36.14,H,
Gaia DR2 5423545067716723712,09 17 08.57,-45 46 13.69,DAZ,6329.0,8.022,0.603,,,,,,,,,,,,,,,,,,,,,,,,,,,,,,,,,,,,,,,,,,,35.30793807,28.32,,
Gaia DR2 5456685104084844032,10 59 15.61,-28 19 57.07,DAZ,6653.0,8.048,0.62,,1.821,,,,,,,,,,,,,,,,,,,,,,,,,,,,,,,,,,,,,,,,,25.34415719,39.46,,
Gaia DR2 5763373596110853248,09 05 12.38,-01 54 53.56,DAZ,6701.0,8.008,0.579,,1.84,,,,,,,,,,,,,,,,,,,,,-9.14,,,,,,,,,,,,,,,,,,,,11.64720567,85.86,H,
Gaia DR2 5827454649955072256,15 30 44.46,-62 03 08.97,DAZ,5879.0,8.167,0.691,,,,,,,,,,,,,,,,,,,,,,,,,,,,,,,,,,,,,,,,,,,26.56029392,37.65,,
Gaia DR2 637527525030988160,09 24 59.31,21 07 16.07,DAZ,6230.0,8.178,0.685,,3.33,,,,,,,,,,,,,,,,,,,,,-8.29,,,,,,,,,,,,,,,,,,,,14.04864938,71.18,H,
Gaia DR2 6429048245152936320,20 20 17.25,-65 25 26.48,DAZ,6342.0,8.298,0.779,,,,,,,,,,,,,,,,,,,,,,,,,,,,,,,,,,,,,,,,,,,25.98587177,38.48,,
Gaia DR2 657673498630210176,08 40 26.99,15 18 40.13,DAZ,6420.0,8.159,0.673,,2.84,,,,,,,,,,,,,,,,,,,,,-8.82,,,,,,,,,,,,,,,,,,,,10.89394784,91.79,H,
Gaia DR2 859567752163281792,11 34 44.63,61 08 25.52,DAZ,7502.0,7.967,0.574,,1.29,,,,,,,,,,,,,,,,,,,,,,,,,,,,,,,,,,,,,,,,,35.57858139,28.11,H,
Gaia DR2 866962856917166208,07 40 59.64,22 18 10.30,DAZ,5904.0,8.139,0.659,,3.94,,,,,,,,,,,,,,,,,,,,,-8.78,,,,,,,,,,,,,,,,,,,,16.52737805,60.51,H,
Gaia DR2 883243467325018496,07 07 55.03,26 51 02.83,DAZ,13332.0,7.893,0.548,,0.2406,,,,,,,,,,,,,,,,,,,,,,,,,,,,,,,,,,,,,,,,,13.31296615,75.11,,
Gaia DR3 1034536537888794880,08 32 06.99,57 41 59.87,DAZ,,,,,,,,,,,,,,,,,,,,,,,,,,,,,,,,,,,,,,,,,,,,,,4.4914,222.65,,
Gaia DR3 1045754099112779776,10 07 30.72,57 14 47.50,DAZ,,,,,,,,,,,,,,,,,,,,,,,,,,,,,,,,,,,,,,,,,,,,,,0.4047,2470.97,,
Gaia DR3 5334619419176460928,,,DAZ,4951.0,7.835,0.484,,,,,,,,,,,,,,,,,,,,,,,,,,,,,,,,,,,,,,,,,,,44.54,22.45,,
HD 340611,20 34 21.41,25 03 40.74,DAZ,20145.0,7.932,0.587,-1.58,0.07,,,,,,,,,,,,,,,,,,,,,,,,,,,,,,,,,,,,,,,,,67.40845955,14.83,H,10.77
HE 0106-3253,01 08 36.07,-32 37 43.72,DAZ,15700.0,7.999,0.62,,0.17,,,,,,,,,,,,,,,,,,,,,-5.8,,,,,,,,,,,,,,,,,,,,14.51324428,68.90,H,
KIC 4829241,19 19 27.67,39 58 39.30,DAZ,20221.0,7.89,0.57,,0.054,,,,,,,,,,,,,,,,,,,,,,,,,,,,,,,,,,,,,,,,,9.2503,108.10,,
LAMOST J003627.19+271000.7,00 36 27.19,27 10 00.68,DAZ?,,,,,,,,,,,,,,,,,,,,,,,,,,,,,,,,,,,,,,,,,,,,,,0.6487,1541.54,,
LAMOST J011747.48+372408.9,01 17 47.51,37 24 08.79,DAZ,17346.0,8.46,0.9,,,,,,,,,,,,,,,,,,,,,,,,,,,,,,,,,,,,,,,,,,,9.5591,104.61,,
LAMOST J013307.37+354910.8,01 33 07.34,35 49 10.81,DAZ,14601.0,7.92,0.57,,,,,,,,,,,,,,,,,,,,,,,,,,,,,,,,,,,,,,,,,,,7.7883,128.40,,
LAMOST J020000.70+273230.2,02 00 00.71,27 32 30.35,DAZ?,28140.0,7.06,0.33,,,,,,,,,,,,,,,,,,,,,,,,,,,,,,,,,,,,,,,,,,,0.8489,1178.00,,
LAMOST J021134.03+583618.3,02 11 34.04,58 36 18.37,DAZ?,,,,,,,,,,,,,,,,,,,,,,,,,,,,,,,,,,,,,,,,,,,,,,0.4163,2402.11,,
LAMOST J024956.23+012130.8,02 49 56.23,01 21 30.87,DAZ?,40338.0,7.13,0.37,,,,,,,,,,,,,,,,,,,,,,,,,,,,,,,,,,,,,,,,,,,0.2445,4089.98,,
LAMOST J032403.24+324027.4,03 24 03.26,32 40 27.39,DAZ,13000.0,8.05,0.64,,,,,,,,,,,,,,,,,,,,,,,,,,,,,,,,,,,,,,,,,,,6.4679,154.61,,
LAMOST J033900.06+242510.4,03 39 00.08,24 25 10.30,DA;DAZ?,,,,,,,,,,,,,,,,,,,,,,,,,,,,,,,,,,,,,,,,,,,,,,3.8247,261.46,,
LAMOST J034021.55+443542.3,03 40 21.54,44 35 42.40,DAZ?,30274.0,7.45,0.42,,,,,,,,,,,,,,,,,,,,,,,,,,,,,,,,,,,,,,,,,,,2.2836,437.91,,
LAMOST J035307.96+343222.8,03 53 07.96,34 32 22.84,DAZ,24017.0,7.16,0.32,,,,,,,,,,,,,,,,,,,,,,,,,,,,,,,,,,,,,,,,,,,2.5054,399.14,,
LAMOST J040309.50-005913.6,04 03 09.51,-00 59 13.64,DAZ?,40344.0,8.2,0.78,,,,,,,,,,,,,,,,,,,,,,,,,,,,,,,,,,,,,,,,,,,0.804,1243.78,,
LAMOST J040335.43-005510.0,04 03 35.43,-00 55 10.08,DAZ?,44123.0,8.62,1.03,,,,,,,,,,,,,,,,,,,,,,,,,,,,,,,,,,,,,,,,,,,0.8969,1114.95,,
LAMOST J040755.20+465854.0,04 07 55.20,46 58 54.01,DAZ?,27542.0,7.29,0.37,,,,,,,,,,,,,,,,,,,,,,,,,,,,,,,,,,,,,,,,,,,,,,
LAMOST J043657.89+533804.9,04 36 57.91,53 38 04.95,DAZ?,28459.0,7.06,0.33,,,,,,,,,,,,,,,,,,,,,,,,,,,,,,,,,,,,,,,,,,,5.3939,185.39,,
LAMOST J051354.60+364559.2,05 13 54.60,36 45 59.21,DAZ,29468.0,7.57,0.45,,,,,,,,,,,,,,,,,,,,,,,,,,,,,,,,,,,,,,,,,,,0.2048,4882.81,,
LAMOST J055411.88+220459.7,05 54 11.89,22 04 59.84,DAZ?,27754.0,7.34,0.38,,,,,,,,,,,,,,,,,,,,,,,,,,,,,,,,,,,,,,,,,,,0.6998,1428.98,,
LAMOST J060104.54+305859.8,06 01 04.55,30 58 59.89,DA;DAZ?,,,,,,,,,,,,,,,,,,,,,,,,,,,,,,,,,,,,,,,,,,,,,,0.307,3257.33,,
LAMOST J060804.06+144418.3,06 08 04.06,14 44 18.27,DAZ?,,,,,,,,,,,,,,,,,,,,,,,,,,,,,,,,,,,,,,,,,,,,,,0.3352,2983.29,,
LAMOST J061335.54+345632.1,06 13 35.55,34 56 32.20,DAZ?,,,,,,,,,,,,,,,,,,,,,,,,,,,,,,,,,,,,,,,,,,,,,,1.0052,994.83,,
LAMOST J061838.08+360401.3,06 18 38.08,36 04 01.57,DAZ?,31529.0,7.09,0.34,,,,,,,,,,,,,,,,,,,,,,,,,,,,,,,,,,,,,,,,,,,3.5541,281.37,,
LAMOST J062159.49+252335.9,06 21 59.48,25 23 36.21,DA;DAZ?,,,,,,,,,,,,,,,,,,,,,,,,,,,,,,,,,,,,,,,,,,,,,,7.2084,138.73,,
LAMOST J063040.98+052654.1,06 30 40.99,05 26 54.21,DAZ?,30614.0,7.07,0.34,,,,,,,,,,,,,,,,,,,,,,,,,,,,,,,,,,,,,,,,,,,0.8912,1122.08,,
LAMOST J063358.33+031416.7,06 33 58.34,03 14 16.81,DAZ?,,,,,,,,,,,,,,,,,,,,,,,,,,,,,,,,,,,,,,,,,,,,,,1.0237,976.85,,
LAMOST J063810.90+264040.8,06 38 10.91,26 40 40.80,DAZ?,38654.0,7.05,0.35,,,,,,,,,,,,,,,,,,,,,,,,,,,,,,,,,,,,,,,,,,,0.2041,4899.56,,
LAMOST J063919.88+264102.5,06 39 19.88,26 41 02.54,DAZ?,,,,,,,,,,,,,,,,,,,,,,,,,,,,,,,,,,,,,,,,,,,,,,0.2934,3408.32,,
LAMOST J064254.01+051123.8,06 42 54.01,05 11 23.78,DA;DAZ?,,,,,,,,,,,,,,,,,,,,,,,,,,,,,,,,,,,,,,,,,,,,,,,,,
LAMOST J064452.84+260947.75,06 44 52.85,26 09 47.87,DAZ?,17205.0,7.8,0.51,,0.09,,,,,,,,,,,,,,,,,,,,,,,,,,,,,,,,,,,,,,,,,9.7161,102.92,,
LAMOST J065601.55+115745.8,06 56 01.55,11 57 45.85,DAZ?,31347.0,7.42,0.41,,0.008,,,,,,,,,,,,,,,,,,,,,,,,,,,,,,,,,,,,,,,,,0.307,63.0,,
LAMOST J065816.33+261003.9,06 58 16.35,26 10 04.22,DAZ,,,,,,,,,,,,,,,,,,,,,,,,,,,,,,,,,,,,,,,,,,,,,,,,,
LAMOST J070005.39+270142.8,07 00 05.40,27 01 42.86,DAZ?,30165.0,7.1,0.34,,,,,,,,,,,,,,,,,,,,,,,,,,,,,,,,,,,,,,,,,,,3.2521,307.49,,
LAMOST J070905.07+373916.3,07 09 05.07,37 39 16.39,DAZ?,,,,,,,,,,,,,,,,,,,,,,,,,,,,,,,,,,,,,,,,,,,,,,0.5819,1718.51,,
LAMOST J071223.81+260933.41,07 12 23.78,26 09 33.11,DAZ,14278.0,7.75,0.48,,0.159,,,,,,,,,,,,,,,,,,,,,,,,,,,,,,,,,,,,,,,,,7.3853,135.40,,
LAMOST J071831.42+352335.2,07 18 31.47,35 23 34.78,DA;DAZ?,25186.0,7.91,0.59,,,,,,,,,,,,,,,,,,,,,,,,,,,,,,,,,,,,,,,,,,,3.218,310.75,,
LAMOST J074259.49-053315.6,07 42 59.49,-05 33 15.80,DAZ?,,,,,,,,,,,,,,,,,,,,,,,,,,,,,,,,,,,,,,,,,,,,,,0.1535,6514.66,,
LAMOST J103142.64+323105.9,10 31 42.63,32 31 05.86,DAZ?,45772.0,7.82,0.6,,,,,,,,,,,,,,,,,,,,,,,,,,,,,,,,,,,,,,,,,,,0.6333,1579.03,,
LAMOST J122320.42+252924.6,12 23 28.06,25 30 22.67,DAZ?,34586.0,7.33,0.4,,,,,,,,,,,,,,,,,,,,,,,,,,,,,,,,,,,,,,,,,,,3.5021,285.54,,
LAMOST J122846.96+254757.7,12 28 46.97,25 47 57.71,DAZ?,36441.0,7.17,0.37,,,,,,,,,,,,,,,,,,,,,,,,,,,,,,,,,,,,,,,,,,,,,,
LAMOST J124943.56+262604.5,12 49 43.57,26 26 04.13,DAZ?,,,,,,,,,,,,,,,,,,,,,,,,,,,,,,,,,,,,,,,,,,,,,,1.2373,808.21,,
LAMOST J132605.12+545035.0,13 26 05.14,54 50 34.99,DAZ?,47438.0,7.8,0.6,,,,,,,,,,,,,,,,,,,,,,,,,,,,,,,,,,,,,,,,,,,2.1905,456.52,,
LAMOST J132731.96+544931.9,13 27 41.80,54 50 03.75,DAZ?,50498.0,7.62,0.54,,,,,,,,,,,,,,,,,,,,,,,,,,,,,,,,,,,,,,,,,,,3.9791,251.31,,
LAMOST J194848.88+464323.9,19 48 50.63,46 43 20.36,DAZ?,28542.0,7.21,0.36,,,,,,,,,,,,,,,,,,,,,,,,,,,,,,,,,,,,,,,,,,,0.5597,1786.67,,
LAMOST J195930.64+440952.5,19 59 30.66,44 09 52.76,DAZ?,33740.0,7.86,0.59,,,,,,,,,,,,,,,,,,,,,,,,,,,,,,,,,,,,,,,,,,,,,,
LAMOST J212643.49+410741.5,21 26 43.37,41 07 42.40,DAZ?,31655.0,8.4,0.89,,,,,,,,,,,,,,,,,,,,,,,,,,,,,,,,,,,,,,,,,,,2.5722,388.77,,
LAWD 52,13 38 49.21,70 17 07.25,DAZ,20319.0,7.928,0.585,-1.48,0.07515,,,,,,,,,,-5.58,,,,,,,,,,,-6.666,,,,,,,,,,,,,,,,,,,,37.7290701,26.50,H,10.59
LP 815-31,20 31 09.36,-16 58 40.89,DAZ,5460.0,7.9,0.525,-3.85,3.51,,,,,,,,,,,,,,,,,,,,,-10.15,,,,,,,,,,,,,,,,,,,,43.82525681,22.82,H,14.51
LSPM J0132+0529,01 32 22.91,05 29 22.66,DAZ,7355.0,7.977,0.562,,1.4,,,,,,,,,,,,,,,,,,,,,-7.44,,,,,,,,,,,,,,,,,,,,9.818169004,101.85,H,
LSPM J0543+3637,05 43 07.16,36 37 00.31,DAZ,6385.0,8.03,0.608,-3.48,2.18,,,,,,,,,,,,,,,,,,,,,-8.55,,,,,,,,,,,,,,,,,,,,44.97581993,22.23,H,13.59
NGC 4688,12 47 46.52,04 20 09.69,DAZ:,89520.0,7.06,,,,,,,,,,,,,,,,,,,,,,,,,,,,,,,,,,,,,,,,,,,,1.784084733,560.51,,
PB 389,10 35 35.23,39 55 01.69,DAZ?,15112.0,7.86,0.54,,0.155,,,,,,,,,,,,,,,,,,,,,,,,,,,,,,,,,,,,,,,,,7.5882,131.78,,
PG 0843+517,08 47 02.27,51 28 51.83,DAZ,19263.0,7.697,0.469,,0.05043,,,-7.2,,,-5.0,,,,-4.9,,-6.5,,-5.2,,-6.6,,-5.5,,,,,,,,,,-5.8,,,,-4.6,,,-6.3,,,,,,7.195400319,138.98,H,10.28
PG 1015+076,10 18 01.50,07 21 24.14,DAZ,27375.0,7.728,,,,,,,,,,,,,,,,,,,,,,,,<-11.432,,,,,,,,,,,,,,,,,,,,5.112712915,195.59,,13.01
PG 1632+177,16 34 41.93,17 36 33.57,DAZ,9754.0,7.25,0.305,-2.7,0.23,,,,,,,,,,,,,,,,,,,,,-10.75,,,,,,,,,,,,,,,,,,,,39.03397945,25.62,H,11.86
PG 1633+434,16 35 01.76,43 17 31.52,DAZ,6516.0,8.153,0.685,-3.53,2.61,,,,,,,,,,-7.55,,-8.72,,,,,,,,,-9.2,,,,,,,,,,,-7.88,,,,,,,,,68.99119608,14.49,H,13.69
PHL 5103,22 24 17.42,-16 15 48.84,DAZ,9725.0,8.081,0.648,,0.76,,,,,,,,,,,,,,,,,,,,,-7.2,,,,,,,,,,,,,,,,,,,,18.81494382,53.15,H,
SDSS J000155.18+251221.3,00 01 55.19,25 12 21.64,DAZ:,7285.0,8.228,0.736,,2.042,,,,,,,,,,,,,,,,,,,,,,,,,,,,,,,,,,,,,,,,,5.222300241,191.49,H,
SDSS J000218.89-040912.8,00 02 18.89,-04 09 12.96,DAZ,9739.0,8.273,0.77,,0.9669,,,,,,,,,,,,,,,,,,,,,,,,,,,,,,,,,,,,,,,,,4.859700804,205.77,H,
SDSS J000233.93-064944.4,00 02 33.93,-06 49 44.42,DAZ:,10012.0,8.0,,,,,,,,,,,,,,,,,,,,,,,,,,,,,,,,,,,,,,,,,,,,-0.439417832,,,
SDSS J000247.21+101144.1,00 02 47.21,10 11 44.28,DAZ:,6302.0,5.43,,,,,,,,,,,,,,,,,,,,,,,,,,,,,,,,,,,,,,,,,,,,0.283307202,3529.74,,
SDSS J000341.52-045443.9,00 03 41.52,-04 54 43.90,DAZ:,6731.0,8.0,,,,,,,,,,,,,,,,,,,,,,,,,,,,,,,,,,,,,,,,,,,,0.005118543,195368.10,,
SDSS J000401.38-093413.2,00 04 01.38,-09 34 13.28,DAZ:,6717.0,6.998,0.194,,,,,,,,,,,,,,,,,,,,,,,,,,,,,,,,,,,,,,,,,,,0.910997896,1097.70,H,
SDSS J000917.43+052729.4,00 09 17.44,05 27 29.79,DAZ,,,,,,,,,,,,,,,,,,,,,,,,,,,,,,,,,,,,,,,,,,,,,,7.0723,141.40,,
SDSS J001349.30+130352.3,00 13 49.30,13 03 52.22,DAZ:,6684.0,7.682,0.42,,1.13,,,,,,,,,,,,,,,,,,,,,,,,,,,,,,,,,,,,,,,,,2.830174384,353.34,H,
SDSS J002312.05+125613.9,00 23 12.04,12 56 13.95,DAZ:,6383.0,7.242999999999999,0.275,,,,,,,,,,,,,,,,,,,,,,,,,,,,,,,,,,,,,,,,,,,-0.583731287,,,
SDSS J003257.51+204949.0,00 32 57.50,20 49 48.85,DAZ:,6849.0,8.39,0.842,,3.545,,,,,,,,,,,,,,,,,,,,,,,,,,,,,,,,,,,,,,,,,7.703276051,129.81,H,
SDSS J003754.55-073457.0,00 37 54.55,-07 34 57.07,DAZ:,10146.0,8.456,0.7040000000000001,,,,,,,,,,,,,,,,,,,,,,,,,,,,,,,,,,,,,,,,,,,-0.005298787,2031.63,,
SDSS J003814.56+041106.1,00 38 14.56,04 11 06.17,DAZ,6398.0,6.221,,,,,,,,,,,,,,,,,,,,,,,,,,,,,,,,,,,,,,,,,,,,-0.882613146,3495.65,,
SDSS J003823.66+301239.8,00 38 23.69,30 12 39.55,DAZ:,7555.0,7.773,0.468,,0.9217,,,,,,,,,,,,,,,,,,,,,,,,,,,,,,,,,,,,,,,,,3.793200399,263.63,H,
SDSS J004638.29+255131.2,00 46 38.30,25 51 31.22,DAZ,7989.0,5.0,,,,,,,,,,,,,,,,,,,,,,,,,,,,,,,,,,,,,,,,,,,,-0.141544998,,,
SDSS J004943.89+280243.5,00 49 43.90,28 02 43.37,DAZ,9196.0,8.0,,,,,,,,,,,,,,,,,,,,,,,,,,,,,,,,,,,,,,,,,,,,,,,
SDSS J005751.66+305041.2,00 57 51.65,30 50 41.23,DAZ:,7697.0,8.0,,,,,,,,,,,,,,,,,,,,,,,,,,,,,,,,,,,,,,,,,,,,1.068335889,936.04,,
SDSS J005852.25+331738.5,00 58 52.31,33 17 38.22,DAZ:,6697.0,8.562,0.955,,4.35,,,,,,,,,,,,,,,,,,,,,,,,,,,,,,,,,,,,,,,,,8.06403183,124.01,H,
SDSS J010350.47+065722.7,01 03 50.48,06 57 22.75,DAZ:,6403.0,5.03,,,,,,,,,,,,,,,,,,,,,,,,,,,,,,,,,,,,,,,,,,,,-0.078205381,,,
SDSS J010749.34+210745.2,01 07 49.32,21 07 44.72,DAZ,7404.0,8.7,1.028,,3.71,,,,,,,,,,,,,,,,,,,,,-7.5,,,,,,,,,,,,,,,,,,,,11.16497475,89.57,H,
SDSS J011151.83-050436.3,01 11 51.83,-05 04 36.36,DAZ:,8000.0,8.0,,,,,,,,,,,,,,,,,,,,,,,,,,,,,,,,,,,,,,,,,,,,2.36322396,423.15,,
SDSS J012532.60+301349.5,01 25 32.60,30 13 49.58,DAZ:,6973.0,8.164,0.694,,2.006,,,,,,,,,,,,,,,,,,,,,,,,,,,,,,,,,,,,,,,,,6.761003215,147.91,H,
SDSS J013442.89+310712.0,01 34 42.88,31 07 12.11,DAZ:E,11103.0,8.0,,,,,,,,,,,,,,,,,,,,,,,,,,,,,,,,,,,,,,,,,,,,0.523388225,1910.63,,
SDSS J013831.53+253013.0,01 38 31.53,25 30 12.99,DAZ:,6369.0,6.705,0.128,,,,,,,,,,,,,,,,,,,,,,,,,,,,,,,,,,,,,,,,,,,-3.005913703,,H,
SDSS J013941.10+102531.3,01 39 41.10,10 25 31.30,DAZ:,7003.0,8.0,0.55455,,,,,,,,,,,,,,,,,,,,,,,,,,,,,,,,,,,,,,,,,,,0.059087636,16924.01,,
SDSS J014238.79+093036.5,01 42 38.80,09 30 36.36,DAZ:,6307.0,9.98,,,,,,,,,,,,,,,,,,,,,,,,,,,,,,,,,,,,,,,,,,,,0.041211701,24264.95,,
SDSS J014541.31-081753.4,01 45 41.31,-08 17 53.44,DAZ:,7981.0,8.0,,,,,,,,,,,,,,,,,,,,,,,,,,,,,,,,,,,,,,,,,,,,-0.36668174,,,
SDSS J015822.92-080246.4,01 58 22.93,-08 02 46.61,DAZ:,7305.0,8.235,0.741,,2.067,,,,,,,,,,,,,,,,,,,,,,,,,,,,,,,,,,,,,,,,,5.274577476,189.59,H,
SDSS J020228.94+265028.3,02 02 28.93,26 50 28.20,DAZ:,7412.0,8.33,,,,,,,,,,,,,,,,,,,,,,,,,,,,,,,,,,,,,,,,,,,,3.650204297,273.96,,
SDSS J022223.77-004951.4,02 22 23.78,-00 49 51.19,DAZ,,,,,,,,,,,,,,,,,,,,,,,,,,,,,,,,,,,,,,,,,,,,,,6.0282,165.89,,
SDSS J030152.59+003939.9,03 01 52.59,00 39 39.95,DAZ,6565.0,7.65,,,,,,,,,,,,,,,,,,,,,,,,,,,,,,,,,,,,,,,,,,,,,,,
SDSS J033325.87+003529.5,03 33 25.94,00 35 29.37,DAZ,6294.0,8.403,0.849,,4.361,,,,,,,,,,,,,,,,,,,,,,,,,,,,,,,,,,,,,,,,,7.450428349,134.22,H,
SDSS J034536.43+100025.9,03 45 36.47,10 00 25.66,DA/DAZ,9486.0,8.111,0.666,,0.8132,,,,,,,,,,,,,,,,,,,,,,,,,,,,,,,,,,,,,,,,,3.076759123,325.02,H,
SDSS J060648.60+234921.9,06 06 48.60,23 49 21.99,DAZ,8217.0,5.3020000000000005,,,,,,,,,,,,,,,,,,,,,,,,,,,,,,,,,,,,,,,,,,,,0.342849822,2916.73,,
SDSS J061628.39+631210.1,06 16 28.40,63 12 09.92,DAZ,12443.0,8.174,0.713,,0.435,,,,,,,,,,,,,,,,,,,,,,,,,,,,,,,,,,,,,,,,,2.686457366,372.24,H,
SDSS J071011.41+303041.6,07 10 11.39,30 30 41.73,DAZ,20522.0,8.06,0.66,,,,,,,,,,,,,,,,,,,,,,,,,,,,,,,,,,,,,,,,,,,8.659,115.49,,
SDSS J074323.44+420800.7,07 43 23.48,42 08 00.45,DAZ,6437.0,5.01,,,,,,,,,,,,,,,,,,,,,,,,,,,,,,,,,,,,,,,,,,,,-0.480884095,1674.48,,
SDSS J074803.14+160024.9,07 48 03.15,16 00 24.87,DAZ,,,,,,,,,,,,,,,,,,,,,,,,,,,,,,,,,,,,,,,,,,,,,,3.5465,281.97,,
SDSS J075312.05+340053.6,07 53 12.04,34 00 53.38,DAZ,,,,,,,,,,,,,,,,,,,,,,,,,,,,,,,,,,,,,,,,,,,,,,6.6025,151.46,,
SDSS J075323.97+264033.4,07 53 23.97,26 40 33.47,DAZ,7869.0,5.025,,,,,,,,,,,,,,,,,,,,,,,,,,,,,,,,,,,,,,,,,,,,-1.123519184,,,
SDSS J075454.05+170809.2,07 54 54.06,17 08 09.29,DAZ:,6332.0,5.04,,,,,,,,,,,,,,,,,,,,,,,,,,,,,,,,,,,,,,,,,,,,0.548670502,1822.59,,
SDSS J080148.72+240557.8,08 01 48.72,24 05 57.88,DAZ:,29459.0,7.082000000000001,,,,,,,,,,,,,,,,,,,,,,,,,,,,,,,,,,,,,,,,,,,,,,,
SDSS J080215.11+192900.3,08 02 15.11,19 29 00.15,DAZ,25530.0,8.2,0.752,,0.03708,,,,,,,,,,,,,,,,,,,,,,,,,,,,,,,,,,,,,,,,,1.565550905,638.75,H,
SDSS J081130.02+523008.3,08 11 30.03,52 30 08.14,DAZ,6860.0,8.0,,,,,,,,,,,,,,,,,,,,,,,-10.265,,,,,,,,,,,,,,,,,,,,,0.98613352,1014.06,He,
SDSS J081753.79+142016.5,08 17 53.79,14 20 16.46,DAZ+M,21401.0,6.71,,,,,,,,,,,,,,,,,,,,,,,,,,,,,,,,,,,,,,,,,,,,0.556906693,1795.63,,
SDSS J081830.33+290213.2,08 18 30.33,29 02 13.21,DAZ,6660.0,5.175,,,,,,,,,,,,,,,,,,,,,,,,,,,,,,,,,,,,,,,,,,,,0.48378971,2067.01,,
SDSS J082422.77+522838.7,08 24 22.74,52 28 38.75,DAZ:,6526.0,5.03,,,,,,,,,,,,,,,,,,,,,,,,,,,,,,,,,,,,,,,,,,,,0.002110401,473843.60,,
SDSS J082611.69+325000.1,08 26 11.65,32 49 58.66,DAZ,6068.0,7.99,0.566,,2.4,,,,,,,,,,,,,,,,,,,,,-9.21,,,,,,,,,,,,,,,,,,,,15.38515365,65.00,H,
SDSS J082852.52+291246.6,08 28 52.53,29 12 46.55,DAZ,7081.0,5.59,,,,,,,,,,,,,,,,,,,,,,,,,,,,,,,,,,,,,,,,,,,,0.395360824,2529.34,,
SDSS J083817.82+070824.1,08 38 17.82,07 08 24.14,DAZ,6638.0,6.766,,,,,,,,,,,,,,,,,,,,,,,,,,,,,,,,,,,,,,,,,,,,0.074212311,13474.85,,
SDSS J083913.48+385314.4,08 39 13.47,38 53 13.95,DAZ,,,,,,,,,,,,,,,,,,,,,,,,,,,,,,,,,,,,,,,,,,,,,,4.4387,225.29,,
SDSS J084137.62+041100.9,08 41 37.62,04 11 00.90,DAZ:,6360.0,5.13,,,,,,,,,,,,,,,,,,,,,,,,,,,,,,,,,,,,,,,,,,,,-0.012143849,7201.99,,
SDSS J084259.62+104003.5,08 42 59.61,10 40 03.55,DAZ,11823.0,8.23,,,,,,,,,,,,,,,,,,,,,,,,,,,,,,,,,,,,,,,,,,,,3.599992609,277.78,,
SDSS J084343.45+243107.2,08 43 43.45,24 31 07.17,DAZ,6804.0,5.518,,,,,,,,,,,,,,,,,,,,,,,,,,,,,,,,,,,,,,,,,,,,0.173348583,5768.72,,
SDSS J085600.02+014122.8,08 56 00.01,01 41 22.77,DAZ:,6307.0,7.94,,,,,,,,,,,,,,,,,,,,,,,,,,,,,,,,,,,,,,,,,,,,0.324226512,3084.26,,
SDSS J085629.50-005904.1,08 56 29.51,-00 59 04.15,DAZ:,6650.0,5.19,,,,,,,,,,,,,,,,,,,,,,,,,,,,,,,,,,,,,,,,,,,,0.646949279,1545.72,,
SDSS J091718.41+175745.9,09 17 18.40,17 57 45.96,DAZ,7769.0,6.117000000000001,,,,,,,,,,,,,,,,,,,,,,,,,,,,,,,,,,,,,,,,,,,,-0.048248231,,,
SDSS J091828.35+193617.2,09 18 28.36,19 36 17.17,DAZ+M,13173.0,7.75,,,,,,,,,,,,,,,,,,,,,,,,,,,,,,,,,,,,,,,,,,,,1.150302807,869.34,,
SDSS J092104.64+185342.0,09 21 04.65,18 53 42.02,DAZ:,7318.0,5.95,,,,,,,,,,,,,,,,,,,,,,,,,,,,,,,,,,,,,,,,,,,,0.697030572,1434.66,,
SDSS J092643.79+162755.6,09 26 43.79,16 27 55.69,DAZ,7533.0,5.36,,,,,,,,,,,,,,,,,,,,,,,,,,,,,,,,,,,,,,,,,,,,-0.710546523,,,
SDSS J093154.63+000056.2,09 31 54.63,00 00 56.15,DAZ,6642.0,5.56,,,,,,,,,,,,,,,,,,,,,,,,,,,,,,,,,,,,,,,,,,,,-0.097250559,4318.47,,
SDSS J094714.36+455701.3,09 47 14.31,45 57 01.43,DAZ,7612.0,8.074,0.638,,1.41,,,,,,,,,,,,,,,,,,,,,-5.69,,,,,,,,,,,,,,,,,,,,6.70535746,149.13,H,
SDSS J095122.02+471500.4,09 51 22.03,47 15 00.40,DAZ:,6852.0,6.05,,,,,,,,,,,,,,,,,,,,,,,,,,,,,,,,,,,,,,,,,,,,0.522086691,1915.39,,
SDSS J095153.69+582439.3,09 51 53.71,58 24 38.89,DAZ,6819.0,5.83,,,,,,,,,,,,,,,,,,,,,,,,,,,,,,,,,,,,,,,,,,,,0.269253706,3713.97,,
SDSS J095421.81+013821.7,09 54 21.81,01 38 21.53,DAZ,6609.0,5.4110000000000005,,,,,,,,,,,,,,,,,,,,,,,,,,,,,,,,,,,,,,,,,,,,0.766770948,1304.17,,
SDSS J095810.76+562927.5,09 58 10.76,56 29 27.45,DAZ:,7217.0,8.247,0.748,,2.216,,,,,,,,,,,,,,,,,,,,,,,,,,,,,,,,,,,,,,,,,3.70518481,269.89,H,
SDSS J095832.09+171057.1,09 58 32.09,17 10 56.82,DAZ+M,9071.0,9.81,,,,,,,,,,,,,,,,,,,,,,,,,,,,,,,,,,,,,,,,,,,,4.559505673,219.32,,
SDSS J095904.69-020047.6,09 59 04.67,-02 00 47.43,DAZ3.8,13526.0,8.108,0.674,,0.315,,,,,,,,,,,,,,,,,,,,,,,,,,,,,,,,,,,,,,,,,4.589033475,217.91,,
SDSS J095936.85+451406.0,09 59 36.85,45 14 05.93,DAZ:,7299.0,5.7,,,,,,,,,,,,,,,,,,,,,,,,,,,,,,,,,,,,,,,,,,,,0.184468791,5420.97,,
SDSS J100814.46+161242.9,10 08 14.45,16 12 43.02,DAZ,7466.0,5.605,,,,,,,,,,,,,,,,,,,,,,,,,,,,,,,,,,,,,,,,,,,,0.800041627,1249.93,,
SDSS J101559.31+201704.8,10 15 59.31,20 17 04.84,DAZ,8187.0,5.462999999999999,,,,,,,,,,,,,,,,,,,,,,,,,,,,,,,,,,,,,,,,,,,,-0.385897218,,,
SDSS J101603.47+201940.8,10 16 03.48,20 19 40.87,DAZ:,8130.0,5.86,,,,,,,,,,,,,,,,,,,,,,,,,,,,,,,,,,,,,,,,,,,,,,,
SDSS J101821.24+504043.8,10 18 21.30,50 40 43.36,DAZ,9715.0,8.614,0.991,,2.004,,,,,,,,,,,,,,,,,,,,,,,,,,,,,,,,,,,,,,,,,4.138364237,241.64,H,
SDSS J101821.77+365917.7,10 18 21.76,36 59 17.76,DAZ,8663.0,5.405,,,,,,,,,,,,,,,,,,,,,,,,,,,,,,,,,,,,,,,,,,,,0.023657438,42270.00,,
SDSS J102012.79+315447.2,10 20 12.76,31 54 47.01,DAZ:,7559.0,8.022,0.607,,1.285,,,,,,,,,,,,,,,,,,,,,,,,,,,,,,,,,,,,,,,,,6.434101949,155.42,H,
SDSS J102043.35+185410.7,10 20 43.36,18 54 10.68,DAZ:,6681.0,5.3,,,,,,,,,,,,,,,,,,,,,,,,,,,,,,,,,,,,,,,,,,,,0.208647996,4792.76,,
SDSS J102316.32+202735.3,10 23 16.33,20 27 35.36,DAZ,6533.0,5.597,,,,,,,,,,,,,,,,,,,,,,,,,,,,,,,,,,,,,,,,,,,,0.975045247,1025.59,,
SDSS J102542.85+335410.9,10 25 42.78,33 54 11.21,DAZ,7518.0,7.792,0.477,,1.0,,,,,,,,,,,,,,,,,,,,,-7.5,,,,,,,,,,,,,,,,,,,,4.24272984,235.70,H,
SDSS J102834.43+172520.7,10 28 34.42,17 25 20.75,DAZ,7366.0,5.787999999999999,,,,,,,,,,,,,,,,,,,,,,,,,,,,,,,,,,,,,,,,,,,,-1.738151596,,,
SDSS J102844.04+162638.9,10 28 44.02,16 26 38.66,DAZ,7998.0,8.075,0.64,,1.24,,,,,,,,,,,,,,,,,,,,,-7.55,,,,,,,,,,,,,,,,,,,,4.089437704,244.53,H,
SDSS J103205.26+203317.7,10 32 05.25,20 33 17.82,DAZ:,7590.0,5.885,0.031,,,,,,,,,,,,,,,,,,,,,,,,,,,,,,,,,,,,,,,,,,,-0.212912782,,H,
SDSS J103547.54+553703.0,10 35 47.53,55 37 03.10,DAZ,,,,,,,,,,,,,,,,,,,,,,,,,,,,,,,,,,,,,,,,,,,,,,5.3207,187.95,,
SDSS J103803.84+170905.4,10 38 03.85,17 09 05.43,DAZ,7173.0,5.66,,,,,,,,,,,,,,,,,,,,,,,,,,,,,,,,,,,,,,,,,,,,-0.031289713,,,
SDSS J103807.09+105255.8,10 38 07.09,10 52 55.84,DAZ,7819.0,5.4,,,,,,,,,,,,,,,,,,,,,,,,,,,,,,,,,,,,,,,,,,,,0.111832508,8941.94,,
SDSS J104148.91+154014.5,10 41 48.91,15 40 14.62,DAZ,8091.0,5.549,,,,,,,,,,,,,,,,,,,,,,,,,,,,,,,,,,,,,,,,,,,,-1.283923638,,,
SDSS J104609.75+293753.2,10 46 09.76,29 37 52.91,DAZ:,7247.0,7.986,0.584,,1.366,,,,,,,,,,,,,,,,,,,,,,,,,,,,,,,,,,,,,,,,,5.360430229,186.55,H,
SDSS J104858.73+394656.0,10 48 58.73,39 46 56.04,DAZ,6758.0,5.093,,,,,,,,,,,,,,,,,,,,,,,,,,,,,,,,,,,,,,,,,,,,0.149733257,6678.54,,
SDSS J105607.02+643011.0,10 56 07.03,64 30 10.92,DAZH,28047.0,7.85,,,,,,,,,,,,,,,,,,,,,,,,,,,,,,,,,,,,,,,,,,,,1.41989422,704.28,,
SDSS J105611.03+375836.4,10 56 11.02,37 58 36.33,DAZ,14952.0,8.392,0.857,,0.3737,,,,,,,,,,,,,,,,,,,,,,,,,,,,,,,,,,,,,,,,,1.982683897,504.37,H,
SDSS J105709.27+202537.7,10 57 09.27,20 25 37.64,DAZ:,6941.0,5.37,,,,,,,,,,,,,,,,,,,,,,,,,,,,,,,,,,,,,,,,,,,,-0.839369082,,,
SDSS J105713.05+203359.7,10 57 13.04,20 33 59.68,DAZ:,6656.0,5.54,,,,,,,,,,,,,,,,,,,,,,,,,,,,,,,,,,,,,,,,,,,,0.344120735,2905.96,,
SDSS J105949.45+323732.6,10 59 49.42,32 37 32.49,DAZ:,7699.0,7.987,0.586,,1.169,,,,,,,,,,,,,,,,,,,,,,,,,,,,,,,,,,,,,,,,,3.952750805,252.99,H,
SDSS J110318.87+393558.3,11 03 18.95,39 35 58.24,DAZ,4860.0,7.798,0.463,,5.18,,,,,,,,,,,,,,,,,,,,,-9.0,,,,,,,,,,,,,,,,,,,,25.72014427,38.88,H,
SDSS J110614.85+042058.8,11 06 14.86,04 20 58.87,DAZ,8113.0,5.723,,,,,,,,,,,,,,,,,,,,,,,,,,,,,,,,,,,,,,,,,,,,0.48158077,2076.49,,
SDSS J110709.25+180555.9,11 07 09.26,18 05 55.98,DAZ,6467.0,5.0760000000000005,,,,,,,,,,,,,,,,,,,,,,,,,,,,,,,,,,,,,,,,,,,,-0.306061134,3026.65,,
SDSS J110933.31+255644.7,11 09 33.25,25 56 44.75,DAZ:,6861.0,8.02,0.603,,1.645,,,,,,,,,,,,,,,,,,,,,,,,,,,,,,,,,,,,,,,,,7.482335868,133.65,H,
SDSS J111045.14+325024.3,11 10 45.13,32 50 23.88,DAZ:,8646.0,7.255,0.27,,0.4304,,,,,,,,,,,,,,,,,,,,,,,,,,,,,,,,,,,,,,,,,1.615351365,619.06,H,
SDSS J111141.46+563708.7,11 11 41.46,56 37 08.47,DAZ:,7114.0,8.0,,,,,,,,,,,,,,,,,,,,,,,,,,,,,,,,,,,,,,,,,,,,0.679521145,1471.62,,
SDSS J111805.31+170554.3,11 18 05.31,17 05 54.26,DAZ:,6800.0,6.87,,,,,,,,,,,,,,,,,,,,,,,,,,,,,,,,,,,,,,,,,,,,0.347223708,2879.99,,
SDSS J111929.79+482038.7,11 19 29.91,48 20 37.80,DAZ:,6735.0,7.82,0.489,,1.302,,,,,,,,,,,,,,,,,,,,,,,,,,,,,,,,,,,,,,,,,6.474664189,154.45,H,
SDSS J112155.27+493347.7,11 21 55.28,49 33 47.61,DAZ:,6920.0,8.0,,,,,,,,,,,,,,,,,,,,,,,,,,,,,,,,,,,,,,,,,,,,-0.123119508,4661.75,,
SDSS J112352.36+173603.8,11 23 52.36,17 36 03.84,DAZ:,7640.0,6.18,,,,,,,,,,,,,,,,,,,,,,,,,,,,,,,,,,,,,,,,,,,,1.843224081,542.53,,
SDSS J112856.74+391846.0,11 28 56.75,39 18 46.05,DAZ,9387.0,8.589,0.975,,2.106,,,,,,,,,,,,,,,,,,,,,,,,,,,,,,,,,,,,,,,,,7.091356678,141.02,H,
SDSS J113128.44+180109.4,11 31 28.44,18 01 09.39,DAZ:,7074.0,5.9,,,,,,,,,,,,,,,,,,,,,,,,,,,,,,,,,,,,,,,,,,,,0.57149607,1749.79,,
SDSS J113136.34+234912.8,11 31 36.36,23 49 12.83,DAZ,7615.0,8.511,0.923,,3.189,,,,,,,,,,,,,,,,,,,,,,,,,,,,,,,,,,,,,,,,,8.310841131,120.32,H,
SDSS J113215.03+013754.9,11 32 15.03,01 37 54.84,DAZ:,6447.0,5.18,,,,,,,,,,,,,,,,,,,,,,,,,,,,,,,,,,,,,,,,,,,,-0.04454078,,,
SDSS J113307.61-005616.3,11 33 07.61,-00 56 16.46,DAZ,8277.0,5.57,,,,,,,,,,,,,,,,,,,,,,,,,,,,,,,,,,,,,,,,,,,,0.215762636,4634.72,,
SDSS J113327.27+174252.8,11 33 27.27,17 42 52.83,DAZ:,8590.0,7.041,0.218,,0.3657,,,,,,,,,,,,,,,,,,,,,,,,,,,,,,,,,,,,,,,,,1.04005418,961.49,H,
SDSS J113333.57+283224.7,11 33 33.54,28 32 25.27,DAZ:,7236.0,8.122,0.667,,1.644,,,,,,,,,,,,,,,,,,,,,,,,,,,,,,,,,,,,,,,,,6.298281425,158.77,H,
SDSS J113434.71+232656.2,11 34 34.73,23 26 56.01,DAZ:,7740.0,8.752,0.971,,,,,,,,,,,,,,,,,,,,,,,,,,,,,,,,,,,,,,,,,,,,,,
SDSS J113902.25+485658.6,11 39 02.18,48 56 58.01,DAZ:,7395.0,8.162,0.693,,1.673,,,,,,,,,,,,,,,,,,,,,,,,,,,,,,,,,,,,,,,,,3.233368081,309.28,H,
SDSS J114041.54+511835.9,11 40 41.52,51 18 36.03,DAZ:,6996.0,7.91,0.539,,1.337,,,,,,,,,,,,,,,,,,,,,,,,,,,,,,,,,,,,,,,,,5.081657132,196.79,H,
SDSS J114402.74+153613.0,11 44 02.73,15 36 13.09,DAZ,6930.0,5.7,,,,,,,,,,,,,,,,,,,,,,,-10.252,,,,,,,,,,,,,,,,,,,,,-2.243561425,,He,
SDSS J114511.73+080419.3,11 45 11.73,08 04 19.27,DAZ,7091.0,7.977,0.579,,1.426,,,,,,,,,,,,,,,,,,,,,,,,,,,,,,,,,,,,,,,,,-0.152877213,273.84,H,
SDSS J114611.50+160836.2,11 46 11.49,16 08 36.17,DAZ,6953.0,5.54,,,,,,,,,,,,,,,,,,,,,,,,,,,,,,,,,,,,,,,,,,,,-2.009889995,,,
SDSS J115132.68+101245.5,11 51 32.63,10 12 45.02,DAZ,13435.0,8.0,,,,,,,,,,,,,,,,,,,,,,,-9.437,,,,,,,,,,,,,,,,,,,,,2.464705698,405.73,He,
SDSS J115440.45-001858.3,11 54 40.46,-00 18 58.36,DAZ,6302.0,7.18,,,,,,,,,,,,,,,,,,,,,,,,,,,,,,,,,,,,,,,,,,,,0.164407067,6082.46,,
SDSS J115555.71+292912.1,11 55 55.68,29 29 12.50,DAZ:,7270.0,8.439,0.875,,3.264,,,,,,,,,,,,,,,,,,,,,,,,,,,,,,,,,,,,,,,,,3.0605077,326.74,H,
SDSS J115654.90+202211.8,11 56 54.90,20 22 11.95,DAZ,,,,,,,,,,,,,,,,,,,,,,,,,,,,,,,,,,,,,,,,,,,,,,2.6675,374.88,,
SDSS J115942.45+095356.4,11 59 42.45,09 53 56.53,DAZ,7807.0,5.33,,,,,,,,,,,,,,,,,,,,,,,,,,,,,,,,,,,,,,,,,,,,-1.006007977,866.26,,
SDSS J120030.25+093846.3,12 00 30.25,09 38 46.28,DAZ,7568.0,8.0,,,,,,,,,,,,,,,,,,,,,,,-10.468,,,,,,,,,,,,,,,,,,,,,0.39034934,2561.81,He,
SDSS J120054.34+234026.6,12 00 54.34,23 40 26.53,DAZ,7023.0,5.546,,,,,,,,,,,,,,,,,,,,,,,,,,,,,,,,,,,,,,,,,,,,-0.225185666,1631.86,,
SDSS J120348.34+124116.4,12 03 48.34,12 41 16.35,DAZ,7451.0,5.422000000000001,,,,,,,,,,,,,,,,,,,,,,,,,,,,,,,,,,,,,,,,,,,,-0.188742788,,,
SDSS J120440.03+075916.4,12 04 39.94,07 59 15.84,DAZ,10772.0,9.85,,,,,,,,,,,,,,,,,,,,,,,-9.463,,,,,,,,,,,,,,,,,,,,,8.229017665,121.52,He,
SDSS J120848.50+152544.4,12 08 48.50,15 25 44.41,DAZ,7413.0,5.464,,,,,,,,,,,,,,,,,,,,,,,,,,,,,,,,,,,,,,,,,,,,-0.320757489,,,
SDSS J121112.77+110619.0,12 11 12.78,11 06 19.03,DAZ,7535.0,6.187,0.057,,,,,,,,,,,,,,,,,,,,,,-10.25,,,,,,,,,,,,,,,,,,,,,1.307667701,764.72,H,
SDSS J121210.72+075700.1,12 12 10.72,07 57 00.01,DAZ,6591.0,5.09,,,,,,,,,,,,,,,,,,,,,,,,,,,,,,,,,,,,,,,,,,,,0.14432707,6928.71,,
SDSS J121352.89+042024.2,12 13 52.89,04 20 24.26,DAZ,7901.0,5.757000000000001,,,,,,,,,,,,,,,,,,,,,,,,,,,,,,,,,,,,,,,,,,,,0.506227174,1975.40,,
SDSS J121445.23+264524.3,12 14 45.23,26 45 24.26,DAZ,7343.0,5.28,,,,,,,,,,,,,,,,,,,,,,,,,,,,,,,,,,,,,,,,,,,,-0.129792726,,,
SDSS J121816.75+194353.9,12 18 16.74,19 43 54.01,DAZ,7478.0,7.294,0.275,,0.6353,,,,,,,,,,,,,,,,,,,,,,,,,,,,,,,,,,,,,,,,,0.806776772,1239.50,H,
SDSS J122553.76+071529.6,12 25 53.76,07 15 29.59,DAZ,7153.0,5.21,,,,,,,,,,,,,,,,,,,,,,,,,,,,,,,,,,,,,,,,,,,,-0.082933016,,,
SDSS J122737.52+315927.7,12 27 37.50,31 59 27.40,DAZ:,6746.0,8.43,0.868,,3.849,,,,,,,,,,,,,,,,,,,,,,,,,,,,,,,,,,,,,,,,,6.924575954,144.41,H,
SDSS J122833.59+081028.9,12 28 33.62,08 10 28.85,DAZ:,7191.0,7.72,,,,,,,,,,,,,,,,,,,,,,,,,,,,,,,,,,,,,,,,,,,,1.548809165,645.66,,
SDSS J123019.37+211036.5,12 30 19.37,21 10 36.47,DAZ:,6191.0,6.649,0.116,,,,,,,,,,,,,,,,,,,,,,,,,,,,,,,,,,,,,,,,,,,0.711460365,1405.56,H,
SDSS J123545.24+565647.9,12 35 45.25,56 56 47.41,DAZ:,7541.0,8.243,0.746,,1.921,,,,,,,,,,,,,,,,,,,,,,,,,,,,,,,,,,,,,,,,,3.884535386,257.43,H,
SDSS J123907.77+171845.0,12 39 07.77,17 18 45.03,DAZ:,7238.0,5.55,,,,,,,,,,,,,,,,,,,,,,,,,,,,,,,,,,,,,,,,,,,,1.359876045,735.36,,
SDSS J124133.93+084716.3,12 41 33.93,08 47 16.27,DAZ,7740.0,5.744,,,,,,,,,,,,,,,,,,,,,,,,,,,,,,,,,,,,,,,,,,,,-0.665319287,,,
SDSS J124559.89+162753.9,12 45 59.89,16 27 53.92,DAZ,7850.0,5.78,,,,,,,,,,,,,,,,,,,,,,,,,,,,,,,,,,,,,,,,,,,,0.422491981,2366.91,,
SDSS J124805.12+212813.6,12 48 05.12,21 28 13.78,DAZ:,6763.0,5.88,,,,,,,,,,,,,,,,,,,,,,,,,,,,,,,,,,,,,,,,,,,,0.200713468,4982.23,,
SDSS J125037.47+550109.6,12 50 37.47,55 01 09.46,DAZ:,6951.0,8.0,,,,,,,,,,,,,,,,,,,,,,,,,,,,,,,,,,,,,,,,,,,,-0.287516856,,,
SDSS J125304.33+123550.1,12 53 04.33,12 35 50.16,DAZ,6794.0,5.722,,,,,,,,,,,,,,,,,,,,,,,,,,,,,,,,,,,,,,,,,,,,-0.244613256,62679.00,,
SDSS J125313.43-011621.1,12 53 13.43,-01 16 21.15,DAZ,6779.0,5.4910000000000005,,,,,,,,,,,,,,,,,,,,,,,,,,,,,,,,,,,,,,,,,,,,0.816924721,1224.10,,
SDSS J125349.14+110130.7,12 53 49.14,11 01 30.85,DAZ:,8103.0,5.26,,,,,,,,,,,,,,,,,,,,,,,,,,,,,,,,,,,,,,,,,,,,-0.324624773,5386.89,,
SDSS J125525.34+074240.3,12 55 25.34,07 42 40.34,DAZ:,7007.0,5.47,,,,,,,,,,,,,,,,,,,,,,,,,,,,,,,,,,,,,,,,,,,,-1.215353386,,,
SDSS J125636.83+161408.8,12 56 36.83,16 14 08.81,DAZ:,7560.0,5.39,,,,,,,,,,,,,,,,,,,,,,,,,,,,,,,,,,,,,,,,,,,,-0.071399387,,,
SDSS J125709.86+222310.7,12 57 09.86,22 23 10.79,DAZ,7215.0,5.34,,,,,,,,,,,,,,,,,,,,,,,,,,,,,,,,,,,,,,,,,,,,-0.314828298,,,
SDSS J130000.65+151542.4,13 00 00.64,15 15 42.45,DAZ:,6655.0,5.9,,,,,,,,,,,,,,,,,,,,,,,,,,,,,,,,,,,,,,,,,,,,-0.672376618,,,
SDSS J130048.43+074647.2,13 00 48.43,07 46 47.07,DAZ:,6815.0,7.031,0.202,,0.6699,,,,,,,,,,,,,,,,,,,,,,,,,,,,,,,,,,,,,,,,,1.811503992,552.03,H,
SDSS J130115.85+080507.1,13 01 15.85,08 05 07.02,DAZ:,6667.0,6.0,,,,,,,,,,,,,,,,,,,,,,,,,,,,,,,,,,,,,,,,,,,,0.870102339,1149.29,,
SDSS J130212.84+080043.8,13 02 12.84,08 00 43.86,DAZ:,7428.0,6.17,,,,,,,,,,,,,,,,,,,,,,,,,,,,,,,,,,,,,,,,,,,,1.069956012,934.62,,
SDSS J130235.61+145353.7,13 02 35.60,14 53 53.67,DAZ:,6907.0,6.13,,,,,,,,,,,,,,,,,,,,,,,,,,,,,,,,,,,,,,,,,,,,0.093399691,10706.67,,
SDSS J130439.06+561642.1,13 04 39.09,56 16 41.38,DAZ:,7298.0,7.927,0.55,,1.233,,,,,,,,,,,,,,,,,,,,,,,,,,,,,,,,,,,,,,,,,5.349839222,186.92,H,
SDSS J130620.12+492456.4,13 06 20.10,49 24 56.06,DAZ:,7264.0,7.801,0.481,,1.049,,,,,,,,,,,,,,,,,,,,,,,,,,,,,,,,,,,,,,,,,5.189735471,192.69,H,
SDSS J131242.89+441519.4,13 12 42.92,44 15 18.69,DAZ,8808.0,8.055,0.63,,0.9077,,,,,,,,,,,,,,,,,,,,,,,,,,,,,,,,,,,,,,,,,4.043882317,247.29,H,
SDSS J131248.47+270828.7,13 12 48.47,27 08 28.77,DAZ,6947.0,5.45,,,,,,,,,,,,,,,,,,,,,,,,,,,,,,,,,,,,,,,,,,,,-0.662487741,,,
SDSS J131310.96+071050.5,13 13 10.95,07 10 50.50,DAZ:,7099.0,5.48,,,,,,,,,,,,,,,,,,,,,,,,,,,,,,,,,,,,,,,,,,,,-0.270467491,,,
SDSS J131322.50+180629.4,13 13 22.50,18 06 29.46,DAZ,7082.0,5.146,,,,,,,,,,,,,,,,,,,,,,,,,,,,,,,,,,,,,,,,,,,,0.658877555,1517.73,,
SDSS J131919.23+152301.2,13 19 19.23,15 23 01.14,DAZ:,7212.0,5.18,,,,,,,,,,,,,,,,,,,,,,,,,,,,,,,,,,,,,,,,,,,,0.09434999,10598.84,,
SDSS J131927.30+133316.2,13 19 27.30,13 33 16.17,DAZ,7446.0,5.37,,,,,,,,,,,,,,,,,,,,,,,,,,,,,,,,,,,,,,,,,,,,0.37812017,2644.66,,
SDSS J132233.44+320446.5,13 22 33.45,32 04 46.14,DAZ:,8103.0,8.491,0.911,,2.665,,,,,,,,,,,,,,,,,,,,,,,,,,,,,,,,,,,,,,,,,4.884852578,204.71,H,
SDSS J132600.56+542143.6,13 26 00.52,54 21 43.87,DAZ:,8132.0,7.839,0.504,,0.8296,,,,,,,,,,,,,,,,,,,,,,,,,,,,,,,,,,,,,,,,,5.311345516,188.28,H,
SDSS J132603.70+024700.7,13 26 03.69,02 47 00.72,DAZ,6997.0,5.02,,,,,,,,,,,,,,,,,,,,,,,,,,,,,,,,,,,,,,,,,,,,0.649057657,1540.70,,
SDSS J132715.72+080056.1,13 27 15.74,08 00 54.86,DAZ,11253.0,9.54,,,,,,,,,,,,,,,,,,,,,,,,,,,,,,,,,,,,,,,,,,,,7.751482404,129.01,,
SDSS J132802.58+095111.8,13 28 02.58,09 51 11.78,DAZ:,6597.0,5.42,,,,,,,,,,,,,,,,,,,,,,,,,,,,,,,,,,,,,,,,,,,,-0.023385445,14438.08,,
SDSS J133038.01+184606.0,13 30 38.02,18 46 06.07,DAZ:,6848.0,5.28,,,,,,,,,,,,,,,,,,,,,,,,,,,,,,,,,,,,,,,,,,,,0.827191125,1208.91,,
SDSS J133048.46+394901.4,13 30 48.48,39 49 01.21,DAZ:,6902.0,7.959,0.567,,1.483,,,,,,,,,,,,,,,,,,,,,,,,,,,,,,,,,,,,,,,,,7.819888049,127.88,H,
SDSS J133321.38+274648.5,13 33 21.38,27 46 48.61,DAZ:,6785.0,5.56,,,,,,,,,,,,,,,,,,,,,,,,,,,,,,,,,,,,,,,,,,,,-0.457924125,,,
SDSS J133323.19+422524.1,13 33 23.25,42 25 23.88,DAZ,6792.0,8.487,0.906,,4.33,,,,,,,,,,,,,,,,,,,,,,,,,,,,,,,,,,,,,,,,,9.95716327,100.43,H,
SDSS J133414.26+252535.3,13 34 14.27,25 25 35.36,DAZ:,6883.0,5.55,,,,,,,,,,,,,,,,,,,,,,,,,,,,,,,,,,,,,,,,,,,,-0.038049548,3108.35,,
SDSS J133613.25+260043.3,13 36 13.28,26 00 43.41,DAZ:,6390.0,5.06,,,,,,,,,,,,,,,,,,,,,,,,,,,,,,,,,,,,,,,,,,,,0.149917985,6670.31,,
SDSS J134219.18+132202.8,13 42 19.19,13 22 02.91,DAZ,8192.0,5.472,,,,,,,,,,,,,,,,,,,,,,,,,,,,,,,,,,,,,,,,,,,,0.709110981,1410.22,,
SDSS J134321.84+235634.5,13 43 21.84,23 56 34.39,DAZ,6564.0,5.19,,,,,,,,,,,,,,,,,,,,,,,,,,,,,,,,,,,,,,,,,,,,-0.058504386,3762.32,,
SDSS J134437.44+610529.4,13 44 37.39,61 05 29.36,DAZ,7643.0,8.005,0.597,,1.22,,,,,,,,,,,,,,,,,,,,,,,,,,,,,,,,,,,,,,,,,3.71976513,268.83,H,
SDSS J134856.00+364617.5,13 48 55.97,36 46 17.94,DAZ,7653.0,8.125,0.671,,1.51,,,,,,,,,,,,,,,,,,,,,-8.17,,,,,,,,,,,,,,,,,,,,4.856092858,205.93,H,
SDSS J134935.99+084657.0,13 49 35.99,08 46 57.05,DAZ,8496.0,5.012,,,,,,,,,,,,,,,,,,,,,,,,,,,,,,,,,,,,,,,,,,,,1.040024306,961.52,,
SDSS J135524.64+245215.7,13 55 24.64,24 52 15.65,DAZ:,6832.0,6.07,,,,,,,,,,,,,,,,,,,,,,,,,,,,,,,,,,,,,,,,,,,,0.781453054,1279.67,,
SDSS J140308.68+432001.9,14 03 08.68,43 20 01.90,DAZ,6747.0,5.49,,,,,,,,,,,,,,,,,,,,,,,,,,,,,,,,,,,,,,,,,,,,0.522020314,1915.63,,
SDSS J140330.31+262302.4,14 03 30.32,26 23 02.51,DAZ:,6552.0,6.046,0.038,,,,,,,,,,,,,,,,,,,,,,,,,,,,,,,,,,,,,,,,,,,0.85058901,1175.66,H,
SDSS J140341.01+230348.9,14 03 41.01,23 03 48.91,DAZ:,8309.0,6.17,,,,,,,,,,,,,,,,,,,,,,,,,,,,,,,,,,,,,,,,,,,,-0.233447185,,,
SDSS J140341.39+255137.6,14 03 41.39,25 51 37.59,DAZ,7151.0,5.51,,,,,,,,,,,,,,,,,,,,,,,,,,,,,,,,,,,,,,,,,,,,-0.342121687,,,
SDSS J140428.64+134929.4,14 04 28.56,13 49 28.17,DAZ,5730.0,8.075,0.632,,3.23,,,,,,,,,,,,,,,,,,,,-10.247,,,,,,,,,,,,,,,,,,,,,10.06909527,99.31,H,
SDSS J140503.52+282950.9,14 05 03.51,28 29 50.84,DAZ:,6764.0,5.89,,,,,,,,,,,,,,,,,,,,,,,,,,,,,,,,,,,,,,,,,,,,-0.256783745,,,
SDSS J140514.28+173635.4,14 05 14.28,17 36 35.46,DAZ:,7422.0,5.61,,,,,,,,,,,,,,,,,,,,,,,,,,,,,,,,,,,,,,,,,,,,-0.169451553,2101.98,,
SDSS J140516.68+283625.3,14 05 16.67,28 36 25.36,DAZ:,6747.0,5.62,,,,,,,,,,,,,,,,,,,,,,,,,,,,,,,,,,,,,,,,,,,,0.323823067,3088.11,,
SDSS J140719.44+252915.2,14 07 19.44,25 29 15.26,DAZ:,6982.0,6.53,,,,,,,,,,,,,,,,,,,,,,,,,,,,,,,,,,,,,,,,,,,,2.033737741,491.71,,
SDSS J140821.48+312427.2,14 08 21.48,31 24 27.24,DAZ,7270.0,6.41,,,,,,,,,,,,,,,,,,,,,,,,,,,,,,,,,,,,,,,,,,,,-0.012525063,,,
SDSS J140931.02+274103.5,14 09 31.01,27 41 03.54,DAZ:,6727.0,5.44,,,,,,,,,,,,,,,,,,,,,,,,,,,,,,,,,,,,,,,,,,,,0.174528081,5729.74,,
SDSS J141029.52+231433.7,14 10 29.52,23 14 33.78,DAZ:,6852.0,5.86,,,,,,,,,,,,,,,,,,,,,,,,,,,,,,,,,,,,,,,,,,,,-0.569513404,,,
SDSS J141518.64+315551.0,14 15 18.65,31 55 51.02,DAZ,,,,,,,,,,,,,,,,,,,,,,,,,,,,,,,,,,,,,,,,,,,,,,2.6166,382.18,,
SDSS J141543.49+171742.7,14 15 43.49,17 17 42.81,DAZ:,7286.0,5.91,,,,,,,,,,,,,,,,,,,,,,,,,,,,,,,,,,,,,,,,,,,,-0.699381549,,,
SDSS J141728.19+483500.4,14 17 28.17,48 35 00.60,DAZ:,7120.0,7.506,0.346,,0.8323,,,,,,,,,,,,,,,,,,,,,,,,,,,,,,,,,,,,,,,,,3.117464931,320.77,H,
SDSS J141820.83+253147.7,14 18 20.83,25 31 47.68,DAZ,6946.0,5.39,,,,,,,,,,,,,,,,,,,,,,,,,,,,,,,,,,,,,,,,,,,,-0.315392112,,,
SDSS J142051.82+140126.1,14 20 51.81,14 01 26.06,DAZ:,7298.0,6.84,,,,,,,,,,,,,,,,,,,,,,,,,,,,,,,,,,,,,,,,,,,,1.012419959,987.73,,
SDSS J142158.30+520401.1,14 21 58.29,52 04 00.87,DAZ:,16240.0,7.95,0.588,,,,,,,,,,,,,,,,,,,,,,,,,,,,,,,,,,,,,,,,,,,,,,
SDSS J142242.42+593802.0,14 22 42.32,59 38 02.48,DAZ,7518.0,8.191,0.712,,1.77,,,,,,,,,,,,,,,,,,,,,-7.85,,,,,,,,,,,,,,,,,,,,5.801467238,172.37,H,
SDSS J142416.22+153049.2,14 24 16.22,15 30 49.19,DAZ:,7258.0,5.42,,,,,,,,,,,,,,,,,,,,,,,,,,,,,,,,,,,,,,,,,,,,-0.149881671,,,
SDSS J142651.37+151729.1,14 26 51.36,15 17 29.08,DAZ:,6794.0,5.39,,,,,,,,,,,,,,,,,,,,,,,,,,,,,,,,,,,,,,,,,,,,0.878666563,1138.09,,
SDSS J142756.59+251628.5,14 27 56.58,25 16 28.45,DAZ,6651.0,5.235,,,,,,,,,,,,,,,,,,,,,,,,,,,,,,,,,,,,,,,,,,,,0.431076765,2319.77,,
SDSS J143032.55+092131.9,14 30 32.55,09 21 31.95,DAZ:,7229.0,5.68,,,,,,,,,,,,,,,,,,,,,,,,,,,,,,,,,,,,,,,,,,,,0.72923048,1371.31,,
SDSS J143412.21+121133.7,14 34 12.21,12 11 33.62,DAZ,7719.0,5.256,,,,,,,,,,,,,,,,,,,,,,,,,,,,,,,,,,,,,,,,,,,,0.626473236,1596.24,,
SDSS J143521.46+275932.5,14 35 21.46,27 59 32.44,DAZ,6651.0,5.185,,,,,,,,,,,,,,,,,,,,,,,,,,,,,,,,,,,,,,,,,,,,0.686142401,1457.42,,
SDSS J143631.21+252030.5,14 36 31.21,25 20 30.50,DAZ:,6900.0,5.7,,,,,,,,,,,,,,,,,,,,,,,,,,,,,,,,,,,,,,,,,,,,2.982825689,335.25,,
SDSS J143903.72+284426.3,14 39 03.72,28 44 26.26,DAZ:,6631.0,5.36,,,,,,,,,,,,,,,,,,,,,,,,,,,,,,,,,,,,,,,,,,,,-0.078792124,2074.08,,
SDSS J143939.57+094526.1,14 39 39.57,09 45 26.18,DAZ:,7653.0,6.11,,,,,,,,,,,,,,,,,,,,,,,,,,,,,,,,,,,,,,,,,,,,-0.234765702,,,
SDSS J144038.63+195804.7,14 40 38.63,19 58 04.68,DAZ:,8089.0,5.6,,,,,,,,,,,,,,,,,,,,,,,,,,,,,,,,,,,,,,,,,,,,-0.182103061,,,
SDSS J145121.73-023840.2,14 51 21.73,-02 38 40.36,DAZ:,6002.0,8.0,0.59508,,,,,,,,,,,,,,,,,,,,,,,,,,,,,,,,,,,,,,,,,,,-1.384812159,,,
SDSS J145208.21+134654.5,14 52 08.20,13 46 54.49,DAZ:,7116.0,5.43,,,,,,,,,,,,,,,,,,,,,,,,,,,,,,,,,,,,,,,,,,,,0.023935782,41778.46,,
SDSS J145317.05+245657.9,14 53 17.05,24 56 57.85,DAZ:,6874.0,5.99,,,,,,,,,,,,,,,,,,,,,,,,,,,,,,,,,,,,,,,,,,,,0.222578511,4492.80,,
SDSS J145635.38+255202.3,14 56 35.38,25 52 02.32,DAZ:,6930.0,6.53,,,,,,,,,,,,,,,,,,,,,,,,,,,,,,,,,,,,,,,,,,,,0.531033186,1883.12,,
SDSS J145648.83-005613.4,14 56 48.83,-00 56 13.51,DAZ,8690.0,5.1370000000000005,,,,,,,,,,,,,,,,,,,,,,,,,,,,,,,,,,,,,,,,,,,,0.07162865,13960.89,,
SDSS J145930.64+012114.5,14 59 30.65,01 21 14.59,DAZ,8418.0,5.053999999999999,,,,,,,,,,,,,,,,,,,,,,,,,,,,,,,,,,,,,,,,,,,,0.205156334,4874.33,,
SDSS J150032.31-011404.8,15 00 32.32,-01 14 04.94,DAZ,8739.0,5.0,,,,,,,,,,,,,,,,,,,,,,,,,,,,,,,,,,,,,,,,,,,,0.068580703,14581.36,,
SDSS J150229.33+162044.0,15 02 29.33,16 20 44.04,DAZ:,7414.0,6.34,,,,,,,,,,,,,,,,,,,,,,,,,,,,,,,,,,,,,,,,,,,,,,,
SDSS J150733.03+190136.6,15 07 33.03,19 01 36.60,DAZ:,6310.0,5.67,,,,,,,,,,,,,,,,,,,,,,,,,,,,,,,,,,,,,,,,,,,,-0.602292167,,,
SDSS J151230.88+383101.1,15 12 30.88,38 31 01.10,DAZ,6603.0,6.497,0.093,,,,,,,,,,,,,,,,,,,,,,,,,,,,,,,,,,,,,,,,,,,1.422854712,702.81,H,
SDSS J151347.38+274015.1,15 13 47.38,27 40 15.07,DAZ:,6300.0,5.23,,,,,,,,,,,,,,,,,,,,,,,,,,,,,,,,,,,,,,,,,,,,0.36635948,2729.56,,
SDSS J151440.41+514530.9,15 14 40.42,51 45 30.26,DAZ:,7857.0,7.114,0.2269999999999999,,,,,,,,,,,,,,,,,,,,,,,,,,,,,,,,,,,,,,,,,,,5.53972693,180.51,,
SDSS J151552.65+130757.7,15 15 52.65,13 07 57.78,DAZ:,7520.0,5.36,,,,,,,,,,,,,,,,,,,,,,,,,,,,,,,,,,,,,,,,,,,,-0.051653247,1469.90,,
SDSS J151934.58+192713.2,15 19 34.59,19 27 13.18,DAZ,7016.0,5.319,,,,,,,,,,,,,,,,,,,,,,,,,,,,,,,,,,,,,,,,,,,,0.026833818,37266.41,,
SDSS J152350.98+545353.2,15 23 51.00,54 53 53.25,DAZ:,7595.0,7.629,0.4,,0.7904,,,,,,,,,,,,,,,,,,,,,,,,,,,,,,,,,,,,,,,,,3.861994603,258.93,H,
SDSS J152701.08+363625.5,15 27 01.08,36 36 25.53,DAZ,6555.0,5.297999999999999,,,,,,,,,,,,,,,,,,,,,,,,,,,,,,,,,,,,,,,,,,,,0.673668654,1484.41,,
SDSS J153026.10+080027.9,15 30 26.11,08 00 27.63,DAZ,10537.0,9.72,,,,,,,,,,,,,,,,,,,,,,,,,,,,,,,,,,,,,,,,,,,,8.103105085,123.41,,
SDSS J153758.44+540029.1,15 37 58.44,54 00 28.85,DAZ:,6658.0,8.0,,,,,,,,,,,,,,,,,,,,,,,,,,,,,,,,,,,,,,,,,,,,1.709753376,584.88,,
SDSS J153759.26+175934.8,15 37 59.26,17 59 34.82,DAZ,8217.0,5.354,,,,,,,,,,,,,,,,,,,,,,,,,,,,,,,,,,,,,,,,,,,,0.487000697,2053.39,,
SDSS J153824.90+115113.2,15 38 24.87,11 51 13.28,DAZ,11650.0,8.58,,,,,,,,,,,,,,,,,,,,,,,,,,,,,,,,,,,,,,,,,,,,4.159605518,240.41,,
SDSS J154114.17+044305.2,15 41 14.19,04 43 05.11,DAZ:,6321.0,5.32,,,,,,,,,,,,,,,,,,,,,,,,,,,,,,,,,,,,,,,,,,,,0.568602052,1758.70,,
SDSS J155236.49+410641.1,15 52 36.48,41 06 41.14,DAZ:,7316.0,5.44,,,,,,,,,,,,,,,,,,,,,,,,,,,,,,,,,,,,,,,,,,,,-0.37035496,,,
SDSS J155436.98+610850.4,15 54 36.99,61 08 50.30,DAZ:,7465.0,7.071000000000001,0.22,,,,,,,,,,,,,,,,,,,,,,,,,,,,,,,,,,,,,,,,,,,2.144539017,466.30,,
SDSS J155450.88+385929.7,15 54 50.88,38 59 29.68,DAZ,7138.0,6.047000000000001,,,,,,,,,,,,,,,,,,,,,,,,,,,,,,,,,,,,,,,,,,,,0.929488982,1075.86,,
SDSS J155557.17+153600.9,15 55 57.17,15 36 00.89,DAZ,7069.0,5.726,,,,,,,,,,,,,,,,,,,,,,,,,,,,,,,,,,,,,,,,,,,,-0.383414836,,,
SDSS J155609.41+170005.9,15 56 09.41,17 00 05.94,DAZ,7523.0,6.1370000000000005,,,,,,,,,,,,,,,,,,,,,,,,,,,,,,,,,,,,,,,,,,,,0.220529421,4534.54,,
SDSS J155843.17+265424.1,15 58 43.16,26 54 24.17,DAZ,7885.0,5.478,,,,,,,,,,,,,,,,,,,,,,,,,,,,,,,,,,,,,,,,,,,,0.023182012,43136.89,,
SDSS J160151.44+433208.2,16 01 51.44,43 32 08.26,DAZ:,21483.0,5.0,,,,,,,,,,,,,,,,,,,,,,,,,,,,,,,,,,,,,,,,,,,,-0.061182208,,,
SDSS J160320.00+142851.8,16 03 20.00,14 28 51.84,DAZ,6198.0,5.64,,,,,,,,,,,,,,,,,,,,,,,,,,,,,,,,,,,,,,,,,,,,0.320922774,3116.01,,
SDSS J160344.76+421248.0,16 03 44.76,42 12 47.98,DAZ:,6974.0,9.3,,,,,,,,,,,,,,,,,,,,,,,,,,,,,,,,,,,,,,,,,,,,-0.276947809,,,
SDSS J160413.64+603352.6,16 04 13.65,60 33 52.85,DAZ:,6993.0,7.474,0.333,,0.8467,,,,,,,,,,,,,,,,,,,,,,,,,,,,,,,,,,,,,,,,,4.128633866,242.21,H,
SDSS J160415.95+055823.3,16 04 15.95,05 58 23.30,DAZ,7972.0,5.02,,,,,,,,,,,,,,,,,,,,,,,,,,,,,,,,,,,,,,,,,,,,-0.19297348,,,
SDSS J160706.55+524740.9,16 07 06.62,52 47 40.77,DAZ,7086.0,7.742,0.45,,1.043,,,,,,,,,,,,,,,,,,,,,,,,,,,,,,,,,,,,,,,,,4.766653488,209.79,H,
SDSS J160731.21+444247.8,16 07 31.20,44 42 47.87,DAZ,13281.0,8.43,,,,,,,,,,,,,,,,,,,,,,,,,,,,,,,,,,,,,,,,,,,,3.073121636,325.40,,
SDSS J160829.49+162626.3,16 08 29.49,16 26 26.24,DAZ,7123.0,5.083,,,,,,,,,,,,,,,,,,,,,,,,,,,,,,,,,,,,,,,,,,,,-0.076121759,,,
SDSS J160944.71+355205.4,16 09 44.71,35 52 05.35,DAZ,6633.0,5.252000000000001,,,,,,,,,,,,,,,,,,,,,,,,,,,,,,,,,,,,,,,,,,,,0.06968533,14350.22,,
SDSS J161041.89+510027.9,16 10 41.88,51 00 27.71,DAZH+M,21649.0,7.88,,,,,,,,,,,,,,,,,,,,,,,,,,,,,,,,,,,,,,,,,,,,-0.292750999,,,
SDSS J161226.28+140207.4,16 12 26.28,14 02 07.37,DAZ,,,,,,,,,,,,,,,,,,,,,,,,,,,,,,,,,,,,,,,,,,,,,,2.9551,338.40,,
SDSS J162125.75+425620.8,16 21 25.76,42 56 20.71,DAZ:,7145.0,7.02,,,,,,,,,,,,,,,,,,,,,,,,,,,,,,,,,,,,,,,,,,,,0.429449346,2328.56,,
SDSS J162502.10+372454.1,16 25 02.10,37 24 54.01,DAZ,6795.0,5.64,,,,,,,,,,,,,,,,,,,,,,,,,,,,,,,,,,,,,,,,,,,,0.194121031,5151.43,,
SDSS J162648.15+162530.0,16 26 48.15,16 25 29.96,DAZ,7595.0,7.09,,,,,,,,,,,,,,,,,,,,,,,,,,,,,,,,,,,,,,,,,,,,0.662144393,1510.24,,
SDSS J162702.53+200010.2,16 27 02.52,20 00 10.15,DAZ:,12489.0,8.325,0.809,,0.5464,,,,,,,,,,,,,,,,,,,,,,,,,,,,,,,,,,,,,,,,,2.025063821,493.81,H,
SDSS J162809.84+391936.7,16 28 09.84,39 19 36.61,DAZ,7190.0,5.232,,,,,,,,,,,,,,,,,,,,,,,,,,,,,,,,,,,,,,,,,,,,-0.229067377,,,
SDSS J163217.57+140242.3,16 32 17.56,14 02 42.11,DAZ,6954.0,5.579,,,,,,,,,,,,,,,,,,,,,,,,,,,,,,,,,,,,,,,,,,,,0.556331797,1797.49,,
SDSS J163450.81+132434.0,16 34 50.81,13 24 33.89,DAZ:,13747.0,8.027,0.626,,0.2668,,,,,,,,,,,,,,,,,,,,,,,,,,,,,,,,,,,,,,,,,2.003104626,499.23,H,
SDSS J163619.61+143729.9,16 36 19.61,14 37 29.90,DAZ,6305.0,5.15,,,,,,,,,,,,,,,,,,,,,,,,,,,,,,,,,,,,,,,,,,,,0.340645025,2935.61,,
SDSS J163723.30+535752.0,16 37 23.31,53 57 51.99,DAZ,11691.0,8.33,0.811,,0.6581,,,,,,,,,,,,,,,,,,,,,,,,,,,,,,,,,,,,,,,,,3.720901873,268.75,H,
SDSS J163753.00+380957.0,16 37 53.00,38 09 56.91,DAZ,6573.0,5.252000000000001,,,,,,,,,,,,,,,,,,,,,,,,,,,,,,,,,,,,,,,,,,,,0.057038171,17532.12,,
SDSS J163824.68+121027.8,16 38 24.68,12 10 27.81,DAZ,17818.0,8.515,0.939,,0.2826,,,,,,,,,,,,,,,,,,,,,,,,,,,,,,,,,,,,,,,,,1.743116721,573.69,H,
SDSS J163902.54+142155.3,16 39 02.54,14 21 55.26,DAZ,6305.0,9.66,,,,,,,,,,,,,,,,,,,,,,,,,,,,,,,,,,,,,,,,,,,,0.037428428,26717.66,,
SDSS J163944.47+311432.8,16 39 44.46,31 14 32.78,DAZ,6453.0,5.42,,,,,,,,,,,,,,,,,,,,,,,,,,,,,,,,,,,,,,,,,,,,0.119031005,8401.17,,
SDSS J164539.75+305931.6,16 45 39.73,30 59 31.53,DAZ,7193.0,8.196,0.698,,2.1,,,,,,,,,,,,,,,,,,,,,-7.66,,,,,,,,,,,,,,,,,,,,10.94908037,91.33,H,13.25
SDSS J165153.17+420345.1,16 51 53.18,42 03 45.09,DAZ:,6439.0,5.47,,,,,,,,,,,,,,,,,,,,,,,,,,,,,,,,,,,,,,,,,,,,0.060770809,16455.27,,
SDSS J165308.56+321157.7,16 53 08.55,32 11 57.85,DAZ,93333.0,7.03,,,,,,,,,,,,,,,,,,,,,,,,,,,,,,,,,,,,,,,,,,,,0.179480779,5571.63,,
SDSS J171901.87+415837.2,17 19 01.83,41 58 33.71,DAZ,6354.0,7.44,,,,,,,,,,,,,,,,,,,,,,,,,,,,,,,,,,,,,,,,,,,,0.689221246,1450.91,,
SDSS J185040.71+200056.2,18 50 40.70,20 00 56.10,DAZH,13722.0,5.8,,,,,,,,,,,,,,,,,,,,,,,,,,,,,,,,,,,,,,,,,,,,0.137750509,7259.50,,
SDSS J202701.18+133421.0,20 27 01.18,13 34 20.88,DAZ:,23353.0,7.661,0.466,,0.02105,,,,,,,,,,,,,,,,,,,,,,,,,,,,,,,,,,,,,,,,,2.74824741,363.87,H,
SDSS J204044.86+135627.7,20 40 44.86,13 56 27.77,DAZ:,6301.0,5.16,,,,,,,,,,,,,,,,,,,,,,,,,,,,,,,,,,,,,,,,,,,,0.51923047,1925.93,,
SDSS J205258.26-053019.7,20 52 58.31,-05 30 19.86,DAZ+M,6466.0,5.32,,,,,,,,,,,,,,,,,,,,,,,,,,,,,,,,,,,,,,,,,,,,0.027801023,35969.90,,
SDSS J211033.48-031746.4,21 10 33.48,-03 17 46.52,DAZ:,6303.0,10.0,,,,,,,,,,,,,,,,,,,,,,,,,,,,,,,,,,,,,,,,,,,,0.124878869,8007.76,,
SDSS J211743.07+070715.1,21 17 43.07,07 07 14.98,DAZ:,6300.0,10.0,,,,,,,,,,,,,,,,,,,,,,,,,,,,,,,,,,,,,,,,,,,,0.205428966,4867.86,,
SDSS J211823.73+015514.9,21 18 23.73,01 55 14.92,DAZ,8005.0,5.35,,,,,,,,,,,,,,,,,,,,,,,,,,,,,,,,,,,,,,,,,,,,-0.013733188,1014.24,,
SDSS J213905.34+053818.4,21 39 05.35,05 38 18.29,DAZ,10159.0,9.59,,,,,,,,,,,,,,,,,,,,,,,,,,,,,,,,,,,,,,,,,,,,7.551742992,132.42,,
SDSS J215419.13+264434.3,21 54 19.13,26 44 34.26,DAZ,7034.0,8.39,,,,,,,,,,,,,,,,,,,,,,,,,,,,,,,,,,,,,,,,,,,,-0.158059554,,,
SDSS J215823.65+105451.6,21 58 23.65,10 54 51.74,DAZ:,6308.0,9.89,,,,,,,,,,,,,,,,,,,,,,,,,,,,,,,,,,,,,,,,,,,,-0.305519463,,,
SDSS J221048.79+220345.5,22 10 48.79,22 03 45.45,DAZ,7943.0,5.0,,,,,,,,,,,,,,,,,,,,,,,,,,,,,,,,,,,,,,,,,,,,0.119099107,8396.37,,
SDSS J222215.73+021929.5,22 22 15.73,02 19 29.38,DAZ:,6300.0,5.07,,,,,,,,,,,,,,,,,,,,,,,,,,,,,,,,,,,,,,,,,,,,0.440909769,2268.04,,
SDSS J222218.28+031322.1,22 22 18.28,03 13 22.08,DAZ:,6865.0,6.2,,,,,,,,,,,,,,,,,,,,,,,,,,,,,,,,,,,,,,,,,,,,-0.165723001,,,
SDSS J223746.42+244720.0,22 37 46.42,24 47 20.09,DAZ:,7778.0,7.174,0.24,,,,,,,,,,,,,,,,,,,,,,,,,,,,,,,,,,,,,,,,,,,-1.231440899,,,
SDSS J224140.58+000030.7,22 41 40.58,00 00 30.39,DAZ,13527.0,8.32,,,,,,,,,,,,,,,,,,,,,,,,,,,,,,,,,,,,,,,,,,,,1.085470785,921.26,,
SDSS J224748.35+215946.1,22 47 48.37,21 59 46.09,DAZ:,6300.0,5.13,,,,,,,,,,,,,,,,,,,,,,,,,,,,,,,,,,,,,,,,,,,,0.372374573,2685.47,,
SDSS J225339.74-005058.1,22 53 39.85,-00 50 58.56,DAZ,6266.0,8.581,0.966,,4.994,,,,,,,,,,,,,,,,,,,,,,,,,,,,,,,,,,,,,,,,,8.077183355,123.81,H,
SDSS J230929.53+250455.6,23 09 29.53,25 04 55.40,DAZ,13778.0,8.07,0.651,,0.2821,,,,,,,,,,,,,,,,,,,,,,,,,,,,,,,,,,,,,,,,,5.170916103,193.39,H,
SDSS J230945.92-005004.9,23 09 45.92,-00 50 04.97,DAZ,6429.0,6.79,,,,,,,,,,,,,,,,,,,,,,,,,,,,,,,,,,,,,,,,,,,,0.836151006,1195.96,,
SDSS J231413.50+233509.0,23 14 13.54,23 35 09.19,DAZ,,,,,,,,,,,,,,,,,,,,,,,,,,,,,,,,,,,,,,,,,,,,,,5.5366,180.62,,
SDSS J231413.97-015123.1,23 14 13.97,-01 51 23.36,DAZ:,6348.0,6.62,,,,,,,,,,,,,,,,,,,,,,,,,,,,,,,,,,,,,,,,,,,,0.231267963,4323.99,,
SDSS J232428.22-021644.7,23 24 28.23,-02 16 45.28,DAZ,6476.0,7.981,0.562,,1.93,,,,,,,,,,,,,,,,,,,,-10.5,-8.25,,,,,,,,,,,,,,,,,,,,12.22472895,81.80,H,
SDSS J232716.75+265731.6,23 27 16.78,26 57 31.66,DAZ:,7502.0,7.942,0.559,,1.172,,,,,,,,,,,,,,,,,,,,,,,,,,,,,,,,,,,,,,,,,5.512098433,181.42,H,
SDSS J233430.82+071016.3,23 34 30.83,07 10 16.34,DAZ,6656.0,6.877,0.167,,,,,,,,,,,,,,,,,,,,,,,,,,,,,,,,,,,,,,,,,,,-0.441399872,,H,
SDSS J233524.63+052621.0,23 35 24.66,05 26 21.01,DAZ:,7118.0,7.32,,,,,,,,,,,,,,,,,,,,,,,,,,,,,,,,,,,,,,,,,,,,7.779512196,128.54,,
SDSS J234031.03+061451.1,23 40 31.09,06 14 50.89,DAZ:,7182.0,8.345,0.813,,2.895,,,,,,,,,,,,,,,,,,,,,,,,,,,,,,,,,,,,,,,,,8.046679329,124.27,H,
SDSS J234340.06+113925.4,23 43 40.07,11 39 25.49,DAZ:,7140.0,7.274,0.267,,0.7005,,,,,,,,,,,,,,,,,,,,,,,,,,,,,,,,,,,,,,,,,3.18721964,313.75,H,
SDSS J234859.70+384243.6,23 48 59.70,38 42 43.56,DAZ,6476.0,5.71,,,,,,,,,,,,,,,,,,,,,,,,,,,,,,,,,,,,,,,,,,,,-0.246459723,,,
SDSS J235416.45+393928.4,23 54 16.45,39 39 28.36,DAZ,6303.0,5.54,,,,,,,,,,,,,,,,,,,,,,,,,,,,,,,,,,,,,,,,,,,,-0.022809429,7940.33,,
Ton 946,08 44 16.36,33 29 14.96,DAZ,25502.0,8.19,0.75,,,,,,,,,,,,,,,,,,,,,,,,,,,,,,,,,,,,,,,,,,,7.493168189,133.45,H,10.49
Ton 953,08 49 09.32,34 29 47.86,DAZ,7445.0,7.944,0.56,-3.37,1.25,,,,,,,,,,,,,,,,,,,,,-9.66,,,,,,,,,,,,,,,,,,,,32.42763425,30.84,H,13.36
V* ZZ Psc,23 28 47.21,05 14 49.97,DAZ,11529.0,8.042,0.629,-2.62,0.44,,,-6.9,<-5.7,,-5.0,,<-6.7,,-5.77,,<-6.1,,-5.6,,,,<-7.0,,,-6.58,,,,-7.9,,,-7.51,,<-7.2,,-5.9,,,<-7.3,,,,,,57.06200121,17.52,H,11.82
WD 0047+190,00 50 12.48,19 19 47.96,DAZ,16510.0,7.996,0.613,,0.1562,,,,,,,,,,,,,,,,,,,,,-6.1,,,,,,,,,,,,,,,,,,,,10.62419359,94.12,H,
WD 0108+277,01 10 44.50,27 58 13.24,DAZ,6284.0,7.584,0.396,-3.65,1.16,,,,,,,,,,,,,,,,,,,,,,,,,,,,,,,,,,,,,,,,,26.31218235,38.01,H,13.06
WD 0145+234,01 47 54.81,23 39 42.04,DAZ,12990.0,8.082,0.657,-2.45,,,,,,,,,,,,,,,,,,,,,,,,,,,,,,,,,,,,,,,,,,33.98067209,29.43,H,11.69
WD 0307+077,03 10 09.08,07 57 30.61,DAZ,10184.0,8.011,0.607,,0.61,,,,,,,,,,,,,,,,,,,,,-7.1,,,,,,,,,,,,,,,,,,,,15.15596434,65.98,H,
WD 0850+190,08 52 54.93,18 50 12.60,DAZ,8108.0,7.973,0.561,,1.08,,,,,,,,,,,,,,,,,,,,,-6.94,,,,,,,,,,,,,,,,,,,,10.34552569,96.66,H,
WD 0920+012,09 22 56.03,01 03 05.69,DAZ,6061.0,7.978,0.575,-3.72,2.28,,,,,,,,,,,,,,,,,,,,,-9.08,,,,,,,,,,,,,,,,,,,,30.90499833,32.36,H,14.17
WD 1054-226,10 56 38.54,-22 52 51.31,DAZ,7836.0,8.1,0.655,,1.35,,,,,,,,,,,,,,,,,,,,,,,,,,,,,,,,,,,,,,,,,27.65107562,36.16,H,13.17
WD 1124-293,11 27 09.51,-29 40 15.51,DAZ,9402.0,7.989,0.592,-2.98,0.73,,,,,,,,,,,,,,,,,,,,,-8.53,,,,,,,,,,,,,,,,,,,,29.82702372,33.53,H,12.5
WD 1129+071,11 32 03.47,06 55 10.68,DA;DAZ?,14548.0,7.9,0.56,,0.31,,,,,,,,,,,,,,,,,,,,,,,,,,,,,,,,,,,,,,,,,19.44088245,51.44,H,11.44
WD 1202-232,12 05 26.72,-23 33 08.51,DAZ,8540.0,7.959,0.572,-3.05,0.95,,,,,,,,,,,,,,,,,,,,,-9.7,,,,,,,,,,,-7.85:,,,,,,,,,95.90170124,10.43,H,12.62
WD 1225+006,12 28 07.67,00 22 21.12,DAZ,9300.0,7.983,0.588,-2.92,0.75,,,,,,,,,,,,,,,,,,,,,-9.7,,,,,,,,,,,,,,,,,,,,30.9519525,32.31,H,12.36
WD 1309-256,13 12 07.41,-25 54 24.06,DAZ,,,,,,,,,,,,,,,,,,,,,,,,,,,,,,,,,,,,,,,,,,,,,,0.222109533,4502.28,,14.07
WD 1315-110,13 17 47.09,-11 21 05.88,DAZ,9052.0,8.043,0.623,,0.86,,,,,,,,,,,,,,,,,,,,,-9.2,,,,,,,,,,,,,,,,,,,,25.18312786,39.71,H,
WD 1356+373,13 58 16.07,37 04 19.44,DAZ,5532.0,8.0,0.585,,3.05,,,,,,,,,,,,,,,,,,,,,,,,,,,,,,,,,,,,,,,,,12.06828003,82.86,H,
WD 1407+425,14 09 45.22,42 16 00.50,DAZ,9965.0,8.065,0.639,-2.86,0.69,,,,,,,,,,,,,,,,,,,,,-9.87,,,,,,,,,,,,,,,,,,,,27.86208404,35.89,H,12.25
WD 1408+029,14 10 39.94,02 45 09.18,DAZ,5562.0,7.968,0.566,-3.77,3.61,,,,,,,,,,,,,,,,,,,,,-9.29,,,,,,,,,,,,,,,,,,,,36.09077639,27.71,H,14.31
WD 1653+385,16 54 45.71,38 29 31.40,DAZH,5808.0,8.173,0.695,-3.74,4.4,,,,,,,,-8.1,,-7.1,,-7.6,,-7.2,,,,,,,-8.0,,,,-9.55,,,-9.55,,,,-7.8,,,-9.1,,,,,,36.6359048,27.30,H,14.23
WD 1701+596,17 02 04.75,59 36 36.77,DAZ,10218.0,8.202,0.726,,0.768,,,,,,,,,,,,,,,,,,,,,,,,,,,,,,,,,,,,,,,,,5.446857052,183.59,H,
WD 2132+096,21 34 50.75,09 55 19.46,DAZ,13089.0,7.975,0.594,,,,,,,,,,,,,,,,,,,,,,,-7.7,,,,,,,,,,,,,,,,,,,,13.008357,76.87,H,
WD 2152+127,21 54 31.07,13 00 25.59,DAZ,5187.0,8.011,0.576,,5.37,,,,,,,,,,,,,,,,,,,,,-9.49,,,,,,,,,,,,,,,,,,,,18.70179309,53.47,H,
WD J1557+0916,15 57 20.77,09 16 24.37,DAZ,13428.0,6.866,0.216,,0.024,,,,,,,,,,,,,,,,,,,,,,,,,,,,,,,,,,,,,,,,,1.776658304,562.85,H,9.98
WIRED J080744.87-071437.2,08 07 44.87,-07 14 37.21,DAZ,14828.0,5.63,,,,,,,,,,,,,,,,,,,,,,,,,,,,,,,,,,,,,,,,,,,,0.208266589,4801.54,,
WIRED J230645.72+212859.3,23 06 45.73,21 28 59.28,DAZ,93333.0,6.2,,,,,,,,,,,,,,,,,,,,,,,,,,,,,,,,,,,,,,,,,,,,0.487663131,2050.60,,
Wolf 88,01 48 57.05,19 02 25.72,DAZB,11500.0,8.0,,,,-2.89,,,,,,,,-7.22,,,,,,,,,,,-8.7,,,,,,,,,,,-7.7,,,,,,,,,,21.09008211,47.42,He,12.05
[VV2006] J013553.8+132209,01 35 53.73,13 22 09.26,DAZ:,7284.0,9.93,,,,,,,,,,,,,,,,,,,,,,,,,,,,,,,,,,,,,,,,,,,,-0.159939447,,,
